Round,a\b,G,C,P
Round 1
,G,3,0,0
,C,1,0,0
,P,96,0,0

Round 2
,G,0,0,0
,C,0,0,0
,P,3,95,2

Round 3
,G,0,92,0
,C,0,5,0
,P,0,3,0

Round 4
,G,2,2,59
,C,0,0,0
,P,1,32,4

Round 5
,G,0,33,0
,C,0,0,62
,P,0,1,4

Round 6
,G,2,2,5
,C,31,11,11
,P,7,31,0

Round 7
,G,1,22,0
,C,5,14,19
,P,23,7,9

Round 8
,G,1,2,29
,C,5,5,20
,P,10,26,2

Round 9
,G,3,28,1
,C,12,7,35
,P,4,9,1

Round 10
,G,0,11,22
,C,20,10,16
,P,4,13,4

Round 11
,G,0,20,1
,C,9,10,19
,P,20,19,2

Round 12
,G,2,14,15
,C,18,9,6
,P,6,22,8

Round 13
,G,5,17,11
,C,11,11,24
,P,10,7,4

Round 14
,G,4,12,24
,C,10,11,24
,P,4,8,3

Round 15
,G,1,9,18
,C,4,9,31
,P,8,9,11

Round 16
,G,1,5,57
,C,7,4,14
,P,2,5,5

Round 17
,G,0,1,7
,C,0,0,88
,P,1,0,3

Round 18
,G,0,0,11
,C,31,10,24
,P,9,15,0

Round 19
,G,1,5,3
,C,14,14,25
,P,20,14,4

Round 20
,G,0,11,9
,C,20,8,32
,P,1,19,0

Round 21
,G,4,17,4
,C,9,16,21
,P,6,15,8

Round 22
,G,9,8,11
,C,19,2,34
,P,10,3,4

Round 23
,G,13,5,14
,C,18,0,44
,P,4,0,2

Round 24
,G,13,4,14
,C,20,3,34
,P,3,4,5

Round 25
,G,6,7,6
,C,19,4,37
,P,8,9,4

Round 26
,G,5,1,10
,C,23,16,22
,P,14,8,1

Round 27
,G,7,9,9
,C,17,7,24
,P,13,10,4

Round 28
,G,7,4,5
,C,19,4,23
,P,20,10,8

Round 29
,G,9,5,6
,C,19,6,22
,P,17,12,4

Round 30
,G,6,3,3
,C,18,10,22
,P,21,9,8

Round 31
,G,1,7,2
,C,13,9,25
,P,30,12,1

Round 32
,G,4,5,3
,C,20,7,22
,P,22,15,2

Round 33
,G,4,10,2
,C,6,2,28
,P,33,0,15

Round 34
,G,0,10,3
,C,6,5,22
,P,37,5,12

Round 35
,G,1,13,2
,C,0,2,41
,P,40,0,1

Round 36
,G,10,4,4
,C,8,5,23
,P,25,13,8

Round 37
,G,14,7,0
,C,13,4,27
,P,19,16,0

Round 38
,G,14,5,5
,C,13,6,25
,P,17,15,0

Round 39
,G,6,5,7
,C,4,12,23
,P,22,15,6

Round 40
,G,6,5,7
,C,4,12,24
,P,23,15,4

Round 41
,G,2,6,1
,C,4,8,28
,P,33,10,8

Round 42
,G,2,9,2
,C,14,10,18
,P,7,20,18

Round 43
,G,3,4,0
,C,16,17,14
,P,10,20,16

Round 44
,G,7,3,0
,C,15,20,8
,P,15,26,6

Round 45
,G,2,12,2
,C,15,26,12
,P,23,7,1

Round 46
,G,1,7,0
,C,20,23,7
,P,20,13,9

Round 47
,G,5,8,0
,C,16,18,7
,P,16,24,6

Round 48
,G,5,11,2
,C,12,21,3
,P,12,25,9

Round 49
,G,2,14,2
,C,13,20,5
,P,18,21,5

Round 50
,G,2,13,1
,C,13,21,5
,P,20,21,4

Round 51
,G,4,13,2
,C,12,23,5
,P,20,17,4

Round 52
,G,4,19,3
,C,14,11,7
,P,14,28,0

Round 53
,G,7,20,1
,C,13,22,3
,P,11,22,1

Round 54
,G,3,20,3
,C,16,19,4
,P,14,21,0

Round 55
,G,5,18,3
,C,16,17,5
,P,10,26,0

Round 56
,G,5,20,7
,C,9,15,6
,P,7,31,0

Round 57
,G,3,20,5
,C,13,21,5
,P,15,18,0

Round 58
,G,6,19,3
,C,13,19,5
,P,12,23,0

Round 59
,G,3,24,1
,C,14,31,2
,P,19,6,0

Round 60
,G,1,19,1
,C,12,21,9
,P,17,18,2

Round 61
,G,0,24,0
,C,9,24,8
,P,15,16,4

Round 62
,G,5,17,3
,C,7,12,18
,P,9,29,0

Round 63
,G,4,22,7
,C,6,20,12
,P,9,17,3

Round 64
,G,1,68,2
,C,5,12,1
,P,0,11,0

Round 65
,G,0,72,1
,C,4,9,2
,P,1,11,0

Round 66
,G,2,60,3
,C,4,8,7
,P,3,12,1

Round 67
,G,0,82,2
,C,4,7,2
,P,0,3,0

Round 68
,G,1,67,3
,C,4,10,3
,P,3,8,1

Round 69
,G,0,87,1
,C,3,4,0
,P,1,3,1

Round 70
,G,3,88,1
,C,2,4,0
,P,0,2,0

Round 71
,G,2,55,5
,C,6,12,4
,P,2,12,2

Round 72
,G,6,41,5
,C,8,17,7
,P,5,8,3

Round 73
,G,0,50,7
,C,10,20,2
,P,4,6,1

Round 74
,G,4,25,11
,C,14,12,12
,P,4,17,1

Round 75
,G,1,69,3
,C,5,4,4
,P,3,11,0

Round 76
,G,5,61,4
,C,8,13,0
,P,2,5,2

Round 77
,G,1,66,5
,C,7,11,2
,P,3,5,0

Round 78
,G,2,58,7
,C,4,7,8
,P,0,14,0

Round 79
,G,6,21,5
,C,7,14,14
,P,0,31,2

Round 80
,G,5,47,5
,C,7,17,2
,P,1,14,2

Round 81
,G,4,9,3
,C,17,25,5
,P,13,20,4

Round 82
,G,2,15,8
,C,6,26,3
,P,4,25,11

Round 83
,G,0,88,0
,C,1,4,1
,P,1,4,1

Round 84
,G,2,29,4
,C,10,18,4
,P,7,19,7

Round 85
,G,4,7,3
,C,16,26,8
,P,7,24,5

Round 86
,G,1,9,2
,C,8,32,8
,P,8,24,8

Round 87
,G,1,71,2
,C,4,6,3
,P,3,9,1

Round 88
,G,1,57,2
,C,7,7,7
,P,5,13,1

Round 89
,G,1,32,1
,C,2,27,13
,P,2,22,0

Round 90
,G,2,45,3
,C,11,14,4
,P,5,14,2

Round 91
,G,1,5,1
,C,11,35,10
,P,5,28,4

Round 92
,G,1,20,3
,C,12,26,7
,P,11,18,2

Round 93
,G,5,26,2
,C,13,12,9
,P,13,11,9

Round 94
,G,0,5,1
,C,5,50,5
,P,4,29,1

Round 95
,G,2,36,2
,C,4,27,4
,P,4,19,2

Round 96
,G,1,30,4
,C,10,18,12
,P,6,13,6

Round 97
,G,0,13,2
,C,20,37,6
,P,7,15,0

Round 98
,G,3,7,5
,C,15,21,16
,P,12,12,9

Round 99
,G,3,7,3
,C,13,24,16
,P,9,20,5

Round 100
,G,0,59,2
,C,6,12,5
,P,5,8,3

Round 101
,G,0,9,2
,C,15,35,9
,P,10,20,0

Round 102
,G,1,4,0
,C,7,36,35
,P,1,13,3

Round 103
,G,0,4,1
,C,2,31,35
,P,3,23,1

Round 104
,G,1,23,3
,C,15,36,5
,P,2,14,1

Round 105
,G,0,17,1
,C,13,44,7
,P,2,15,1

Round 106
,G,1,10,3
,C,12,25,24
,P,4,17,4

Round 107
,G,1,14,0
,C,13,45,11
,P,0,14,2

Round 108
,G,2,16,2
,C,17,26,15
,P,5,17,0

Round 109
,G,1,16,4
,C,14,26,14
,P,7,18,0

Round 110
,G,3,17,2
,C,9,15,25
,P,2,19,8

Round 111
,G,0,85,1
,C,2,4,2
,P,0,6,0

Round 112
,G,0,16,3
,C,11,22,17
,P,3,23,5

Round 113
,G,0,23,0
,C,27,37,6
,P,1,5,1

Round 114
,G,0,32,0
,C,34,33,1
,P,0,0,0

Round 115
,G,4,25,4
,C,13,33,7
,P,6,7,1

Round 116
,G,2,18,10
,C,13,24,18
,P,0,14,1

Round 117
,G,0,31,0
,C,15,23,12
,P,7,10,2

Round 118
,G,1,18,0
,C,9,35,17
,P,6,8,6

Round 119
,G,2,26,0
,C,11,21,22
,P,4,8,6

Round 120
,G,0,22,2
,C,6,30,30
,P,3,7,0

Round 121
,G,1,25,2
,C,10,26,19
,P,1,8,8

Round 122
,G,0,9,0
,C,9,19,34
,P,0,18,11

Round 123
,G,1,10,5
,C,13,25,21
,P,2,14,9

Round 124
,G,10,15,5
,C,13,19,23
,P,2,8,5

Round 125
,G,4,18,11
,C,21,12,10
,P,5,12,7

Round 126
,G,0,8,11
,C,18,16,17
,P,2,25,3

Round 127
,G,1,16,8
,C,19,18,17
,P,1,17,3

Round 128
,G,2,14,11
,C,14,21,18
,P,3,13,4

Round 129
,G,4,15,10
,C,13,16,22
,P,3,14,3

Round 130
,G,1,14,10
,C,16,15,25
,P,1,17,1

Round 131
,G,0,14,9
,C,14,13,35
,P,1,8,6

Round 132
,G,5,22,7
,C,9,25,15
,P,1,15,1

Round 133
,G,4,25,5
,C,12,30,8
,P,3,11,2

Round 134
,G,4,16,11
,C,16,17,20
,P,3,9,4

Round 135
,G,2,17,10
,C,10,32,11
,P,8,7,3

Round 136
,G,3,13,16
,C,20,22,9
,P,6,8,3

Round 137
,G,0,15,14
,C,25,16,12
,P,4,11,3

Round 138
,G,1,10,14
,C,19,18,13
,P,4,19,2

Round 139
,G,0,31,0
,C,2,31,1
,P,0,33,2

Round 140
,G,0,17,8
,C,12,19,21
,P,2,11,10

Round 141
,G,0,25,1
,C,1,2,45
,P,0,23,3

Round 142
,G,8,11,11
,C,4,7,26
,P,2,28,3

Round 143
,G,3,10,8
,C,10,9,34
,P,2,21,3

Round 144
,G,2,5,2
,C,3,9,41
,P,2,31,5

Round 145
,G,4,9,15
,C,10,9,30
,P,5,9,9

Round 146
,G,5,11,11
,C,12,17,25
,P,1,15,3

Round 147
,G,0,7,4
,C,1,6,43
,P,1,36,2

Round 148
,G,5,7,5
,C,3,2,37
,P,4,34,3

Round 149
,G,1,17,12
,C,10,16,23
,P,2,16,3

Round 150
,G,0,1,1
,C,0,3,48
,P,0,47,0

Round 151
,G,12,22,4
,C,5,24,15
,P,4,12,2

Round 152
,G,1,20,5
,C,3,8,36
,P,3,19,5

Round 153
,G,0,15,0
,C,3,19,32
,P,0,31,0

Round 154
,G,2,19,11
,C,12,17,25
,P,1,12,1

Round 155
,G,0,13,3
,C,5,9,35
,P,1,32,2

Round 156
,G,3,7,12
,C,7,8,33
,P,4,23,3

Round 157
,G,4,14,6
,C,6,4,38
,P,1,25,2

Round 158
,G,3,12,11
,C,14,9,31
,P,2,15,3

Round 159
,G,1,14,7
,C,14,10,28
,P,3,21,2

Round 160
,G,3,9,6
,C,7,8,33
,P,2,28,4

Round 161
,G,0,9,7
,C,6,18,25
,P,5,25,5

Round 162
,G,7,13,11
,C,3,16,30
,P,5,15,0

Round 163
,G,5,12,14
,C,8,11,21
,P,9,19,1

Round 164
,G,4,13,15
,C,14,16,14
,P,12,5,7

Round 165
,G,5,17,3
,C,10,12,12
,P,21,12,8

Round 166
,G,8,15,14
,C,14,11,19
,P,3,13,3

Round 167
,G,11,21,3
,C,13,8,12
,P,15,9,8

Round 168
,G,11,16,13
,C,15,11,16
,P,5,7,6

Round 169
,G,5,19,9
,C,16,19,16
,P,0,5,11

Round 170
,G,4,7,9
,C,9,21,23
,P,11,10,6

Round 171
,G,9,11,18
,C,12,10,23
,P,3,8,6

Round 172
,G,3,20,10
,C,13,19,14
,P,6,12,3

Round 173
,G,4,11,9
,C,14,16,18
,P,7,14,7

Round 174
,G,5,11,12
,C,12,13,21
,P,8,12,6

Round 175
,G,5,13,13
,C,10,17,22
,P,5,9,6

Round 176
,G,3,21,6
,C,12,19,13
,P,8,3,15

Round 177
,G,5,16,11
,C,11,14,23
,P,5,10,5

Round 178
,G,3,11,8
,C,12,12,30
,P,12,2,10

Round 179
,G,7,11,13
,C,15,21,19
,P,4,6,4

Round 180
,G,9,11,17
,C,13,17,15
,P,6,6,6

Round 181
,G,4,7,8
,C,7,7,33
,P,2,32,0

Round 182
,G,10,10,12
,C,14,15,12
,P,10,11,6

Round 183
,G,11,10,12
,C,15,13,15
,P,5,15,4

Round 184
,G,6,12,8
,C,18,12,19
,P,3,18,4

Round 185
,G,3,16,9
,C,19,20,9
,P,9,12,3

Round 186
,G,6,6,15
,C,14,9,26
,P,6,13,5

Round 187
,G,0,12,12
,C,5,8,28
,P,8,25,2

Round 188
,G,8,2,10
,C,3,10,30
,P,11,22,4

Round 189
,G,1,1,10
,C,3,6,37
,P,10,32,0

Round 190
,G,6,9,17
,C,12,15,15
,P,13,12,1

Round 191
,G,10,6,14
,C,16,17,15
,P,6,13,3

Round 192
,G,5,14,8
,C,16,21,15
,P,6,15,0

Round 193
,G,1,15,5
,C,9,24,11
,P,11,17,7

Round 194
,G,0,18,3
,C,15,28,9
,P,8,13,6

Round 195
,G,3,5,10
,C,11,17,19
,P,10,17,8

Round 196
,G,2,9,10
,C,15,11,23
,P,8,16,6

Round 197
,G,4,14,8
,C,16,10,21
,P,6,17,4

Round 198
,G,3,6,13
,C,11,18,24
,P,6,15,4

Round 199
,G,1,4,16
,C,8,17,20
,P,12,14,8

Round 200
,G,0,7,7
,C,13,25,13
,P,5,22,8

Round 201
,G,5,18,12
,C,11,13,14
,P,5,20,2

Round 202
,G,14,7,21
,C,24,2,8
,P,10,6,8

Round 203
,G,22,3,26
,C,14,4,5
,P,16,2,8

Round 204
,G,10,4,25
,C,9,7,15
,P,14,10,6

Round 205
,G,22,4,19
,C,10,8,6
,P,15,5,11

Round 206
,G,17,3,23
,C,13,4,12
,P,10,9,9

Round 207
,G,4,3,17
,C,17,5,18
,P,16,11,9

Round 208
,G,6,4,23
,C,15,7,8
,P,24,5,8

Round 209
,G,7,1,11
,C,7,2,31
,P,6,32,3

Round 210
,G,8,5,18
,C,14,2,16
,P,11,14,12

Round 211
,G,11,10,17
,C,15,4,13
,P,10,6,14

Round 212
,G,13,3,20
,C,17,6,11
,P,15,12,3

Round 213
,G,7,3,24
,C,15,8,14
,P,21,6,2

Round 214
,G,4,3,10
,C,12,4,28
,P,7,29,3

Round 215
,G,13,2,15
,C,10,1,20
,P,12,20,7

Round 216
,G,11,2,28
,C,14,2,5
,P,26,4,8

Round 217
,G,7,2,23
,C,14,2,9
,P,20,9,14

Round 218
,G,8,4,22
,C,20,3,13
,P,20,5,5

Round 219
,G,5,0,22
,C,22,5,16
,P,16,3,11

Round 220
,G,0,8,33
,C,9,1,16
,P,9,16,8

Round 221
,G,4,1,21
,C,23,5,11
,P,17,13,5

Round 222
,G,5,1,24
,C,32,3,10
,P,11,7,7

Round 223
,G,4,0,21
,C,24,4,16
,P,18,6,7

Round 224
,G,4,2,19
,C,18,3,15
,P,21,13,5

Round 225
,G,1,2,17
,C,22,2,16
,P,19,14,7

Round 226
,G,4,1,17
,C,24,2,14
,P,17,12,9

Round 227
,G,0,5,11
,C,8,4,28
,P,12,30,2

Round 228
,G,1,2,13
,C,9,5,26
,P,13,31,0

Round 229
,G,6,9,8
,C,19,18,7
,P,12,10,11

Round 230
,G,4,6,18
,C,18,10,9
,P,18,8,9

Round 231
,G,3,4,32
,C,38,6,5
,P,4,4,4

Round 232
,G,16,1,17
,C,21,1,21
,P,19,3,1

Round 233
,G,4,0,22
,C,24,1,19
,P,29,0,1

Round 234
,G,4,5,17
,C,18,7,15
,P,27,5,2

Round 235
,G,4,3,17
,C,17,5,15
,P,25,7,7

Round 236
,G,3,4,11
,C,19,3,20
,P,24,12,4

Round 237
,G,2,9,17
,C,11,3,16
,P,35,7,0

Round 238
,G,9,3,15
,C,21,4,18
,P,17,8,5

Round 239
,G,11,1,14
,C,13,1,23
,P,26,0,11

Round 240
,G,7,7,13
,C,8,13,14
,P,26,12,0

Round 241
,G,5,7,11
,C,14,14,12
,P,25,8,4

Round 242
,G,7,5,15
,C,11,7,17
,P,24,9,5

Round 243
,G,5,7,13
,C,9,6,18
,P,24,8,10

Round 244
,G,9,7,18
,C,8,10,6
,P,16,11,15

Round 245
,G,6,6,15
,C,12,10,12
,P,16,11,12

Round 246
,G,4,6,17
,C,12,3,14
,P,21,17,6

Round 247
,G,2,4,18
,C,2,2,18
,P,47,5,2

Round 248
,G,4,3,17
,C,4,4,17
,P,45,4,2

Round 249
,G,2,1,19
,C,3,2,19
,P,52,2,0

Round 250
,G,3,1,22
,C,8,4,17
,P,42,1,2

Round 251
,G,1,0,17
,C,8,1,22
,P,37,7,7

Round 252
,G,2,4,20
,C,8,11,12
,P,26,16,1

Round 253
,G,1,1,22
,C,5,9,11
,P,33,14,4

Round 254
,G,2,1,17
,C,11,2,17
,P,34,9,7

Round 255
,G,2,0,25
,C,12,1,14
,P,34,9,3

Round 256
,G,2,6,23
,C,16,2,14
,P,22,8,7

Round 257
,G,5,9,23
,C,18,3,11
,P,15,9,7

Round 258
,G,10,9,18
,C,13,5,12
,P,16,10,7

Round 259
,G,7,2,23
,C,4,6,15
,P,26,16,1

Round 260
,G,2,1,26
,C,11,1,14
,P,28,15,2

Round 261
,G,1,1,18
,C,9,9,16
,P,25,19,2

Round 262
,G,9,2,22
,C,6,1,16
,P,28,12,4

Round 263
,G,10,2,27
,C,3,1,13
,P,30,14,0

Round 264
,G,11,0,28
,C,8,1,12
,P,30,9,1

Round 265
,G,3,2,33
,C,2,1,15
,P,33,9,2

Round 266
,G,4,3,24
,C,4,2,13
,P,31,11,8

Round 267
,G,2,2,24
,C,9,3,13
,P,28,12,7

Round 268
,G,1,0,34
,C,1,1,14
,P,36,12,1

Round 269
,G,7,5,20
,C,3,10,16
,P,30,8,1

Round 270
,G,6,2,22
,C,2,9,17
,P,32,8,2

Round 271
,G,10,4,14
,C,9,9,19
,P,27,3,5

Round 272
,G,15,2,16
,C,3,15,16
,P,30,1,2

Round 273
,G,8,0,21
,C,9,6,17
,P,33,5,1

Round 274
,G,6,1,20
,C,12,6,17
,P,31,6,1

Round 275
,G,5,2,20
,C,13,5,13
,P,28,9,5

Round 276
,G,6,0,21
,C,11,5,16
,P,30,9,2

Round 277
,G,7,0,18
,C,13,7,19
,P,30,6,0

Round 278
,G,4,1,19
,C,16,6,16
,P,29,8,1

Round 279
,G,11,4,16
,C,11,11,13
,P,26,6,2

Round 280
,G,15,0,16
,C,3,16,16
,P,31,2,1

Round 281
,G,1,12,24
,C,14,1,7
,P,26,12,3

Round 282
,G,10,3,23
,C,7,2,15
,P,27,8,5

Round 283
,G,2,1,21
,C,30,1,4
,P,21,2,18

Round 284
,G,3,3,17
,C,17,5,12
,P,25,10,8

Round 285
,G,11,3,23
,C,13,1,13
,P,21,3,12

Round 286
,G,9,6,21
,C,11,1,13
,P,26,6,7

Round 287
,G,10,4,21
,C,14,3,11
,P,25,4,8

Round 288
,G,10,1,25
,C,8,3,13
,P,27,8,5

Round 289
,G,7,0,21
,C,15,1,15
,P,22,7,12

Round 290
,G,8,3,22
,C,12,3,12
,P,28,10,2

Round 291
,G,16,0,29
,C,10,1,10
,P,24,10,0

Round 292
,G,0,0,28
,C,17,1,9
,P,28,8,9

Round 293
,G,0,0,28
,C,16,1,10
,P,28,7,10

Round 294
,G,4,2,26
,C,15,3,12
,P,26,6,6

Round 295
,G,8,0,24
,C,12,2,12
,P,27,8,7

Round 296
,G,12,3,16
,C,15,4,15
,P,17,17,1

Round 297
,G,13,1,20
,C,12,2,17
,P,20,9,6

Round 298
,G,7,7,18
,C,16,6,14
,P,20,9,3

Round 299
,G,16,0,16
,C,16,1,17
,P,18,16,0

Round 300
,G,15,2,16
,C,8,9,12
,P,18,20,0

Round 301
,G,6,0,18
,C,8,6,14
,P,30,17,1

Round 302
,G,3,1,40
,C,2,2,4
,P,44,3,1

Round 303
,G,2,1,42
,C,1,3,3
,P,43,3,2

Round 304
,G,1,0,47
,C,1,1,1
,P,47,0,2

Round 305
,G,1,0,40
,C,3,4,3
,P,44,2,3

Round 306
,G,2,1,42
,C,0,1,3
,P,46,1,4

Round 307
,G,0,0,46
,C,0,1,3
,P,49,1,0

Round 308
,G,2,0,45
,C,1,1,2
,P,46,1,2

Round 309
,G,4,0,39
,C,3,1,6
,P,43,1,3

Round 310
,G,3,1,41
,C,2,3,3
,P,45,2,0

Round 311
,G,0,0,38
,C,2,2,6
,P,44,3,5

Round 312
,G,2,2,35
,C,6,3,6
,P,37,5,4

Round 313
,G,2,0,44
,C,2,2,2
,P,46,0,2

Round 314
,G,2,1,42
,C,0,5,2
,P,44,4,0

Round 315
,G,0,2,34
,C,1,5,8
,P,42,7,1

Round 316
,G,2,2,38
,C,3,1,5
,P,44,5,0

Round 317
,G,3,1,43
,C,3,1,2
,P,44,0,3

Round 318
,G,0,1,46
,C,0,1,2
,P,50,0,0

Round 319
,G,2,0,44
,C,1,1,4
,P,46,2,0

Round 320
,G,0,1,42
,C,0,4,3
,P,47,2,1

Round 321
,G,0,0,38
,C,2,1,8
,P,46,4,1

Round 322
,G,1,0,40
,C,4,2,5
,P,43,4,1

Round 323
,G,0,0,43
,C,3,2,3
,P,45,2,2

Round 324
,G,2,1,40
,C,2,2,4
,P,44,2,3

Round 325
,G,3,0,21
,C,3,13,14
,P,42,1,3

Round 326
,G,0,0,16
,C,1,17,17
,P,46,1,2

Round 327
,G,0,0,45
,C,1,2,2
,P,47,1,2

Round 328
,G,1,0,44
,C,3,2,1
,P,45,2,2

Round 329
,G,2,1,36
,C,1,4,7
,P,42,2,5

Round 330
,G,0,0,22
,C,0,8,17
,P,38,8,7

Round 331
,G,1,0,35
,C,5,3,6
,P,41,3,6

Round 332
,G,3,0,14
,C,6,5,21
,P,33,13,5

Round 333
,G,0,0,3
,C,1,4,33
,P,42,16,1

Round 334
,G,3,1,30
,C,2,4,11
,P,40,8,1

Round 335
,G,3,2,37
,C,4,0,7
,P,41,2,4

Round 336
,G,3,0,46
,C,1,1,1
,P,47,1,0

Round 337
,G,0,1,30
,C,1,2,14
,P,45,7,0

Round 338
,G,2,2,31
,C,3,2,9
,P,39,6,6

Round 339
,G,3,0,31
,C,4,1,12
,P,37,5,7

Round 340
,G,2,1,44
,C,2,2,2
,P,44,2,1

Round 341
,G,3,1,36
,C,5,0,9
,P,39,3,4

Round 342
,G,1,3,32
,C,4,5,7
,P,38,5,5

Round 343
,G,0,2,45
,C,3,1,1
,P,46,1,1

Round 344
,G,0,1,14
,C,2,1,26
,P,41,13,2

Round 345
,G,2,2,38
,C,6,1,5
,P,40,4,2

Round 346
,G,1,2,39
,C,3,1,5
,P,42,6,1

Round 347
,G,4,1,33
,C,4,2,9
,P,37,8,2

Round 348
,G,4,2,42
,C,2,1,2
,P,44,3,0

Round 349
,G,1,2,31
,C,6,3,9
,P,37,9,2

Round 350
,G,1,2,30
,C,1,5,11
,P,38,11,1

Round 351
,G,1,1,30
,C,4,5,11
,P,34,5,9

Round 352
,G,0,1,36
,C,1,5,6
,P,41,8,2

Round 353
,G,3,5,32
,C,3,5,8
,P,32,7,5

Round 354
,G,0,1,43
,C,1,2,4
,P,44,5,0

Round 355
,G,0,0,32
,C,2,5,12
,P,40,9,0

Round 356
,G,1,4,39
,C,2,4,3
,P,42,4,1

Round 357
,G,2,3,38
,C,2,4,5
,P,39,5,2

Round 358
,G,1,1,44
,C,2,1,2
,P,46,3,0

Round 359
,G,1,1,43
,C,2,1,3
,P,47,2,0

Round 360
,G,2,1,44
,C,2,1,2
,P,45,3,0

Round 361
,G,2,0,41
,C,1,2,4
,P,46,3,1

Round 362
,G,2,1,40
,C,1,1,5
,P,46,4,0

Round 363
,G,2,0,39
,C,3,1,4
,P,41,6,4

Round 364
,G,0,2,43
,C,2,0,2
,P,46,3,2

Round 365
,G,2,0,39
,C,3,0,6
,P,42,7,1

Round 366
,G,3,0,35
,C,5,1,4
,P,39,6,7

Round 367
,G,2,1,32
,C,10,2,4
,P,40,4,5

Round 368
,G,2,0,44
,C,1,1,2
,P,46,1,3

Round 369
,G,2,0,44
,C,2,1,2
,P,46,2,1

Round 370
,G,1,2,36
,C,3,1,8
,P,42,7,0

Round 371
,G,6,2,37
,C,1,1,7
,P,39,5,2

Round 372
,G,1,1,42
,C,3,1,2
,P,45,2,3

Round 373
,G,2,0,36
,C,4,1,5
,P,44,3,5

Round 374
,G,3,0,38
,C,4,2,3
,P,43,5,2

Round 375
,G,3,1,39
,C,4,1,3
,P,42,4,3

Round 376
,G,4,0,30
,C,8,2,8
,P,37,7,4

Round 377
,G,0,0,41
,C,4,1,2
,P,44,4,4

Round 378
,G,1,0,39
,C,5,1,4
,P,43,6,1

Round 379
,G,4,0,36
,C,8,1,5
,P,38,6,2

Round 380
,G,0,0,36
,C,4,1,8
,P,42,8,1

Round 381
,G,0,0,17
,C,1,3,24
,P,35,18,2

Round 382
,G,3,0,14
,C,2,2,20
,P,36,12,11

Round 383
,G,4,1,12
,C,4,2,22
,P,34,11,10

Round 384
,G,0,0,13
,C,1,1,24
,P,36,14,11

Round 385
,G,0,0,13
,C,1,1,24
,P,36,14,11

Round 386
,G,0,1,14
,C,3,3,20
,P,34,16,9

Round 387
,G,0,2,10
,C,3,1,23
,P,36,12,13

Round 388
,G,6,0,13
,C,5,2,21
,P,30,15,8

Round 389
,G,0,0,12
,C,1,2,23
,P,37,13,12

Round 390
,G,0,2,16
,C,2,2,19
,P,35,14,10

Round 391
,G,1,1,13
,C,2,2,23
,P,34,16,8

Round 392
,G,3,0,12
,C,3,2,22
,P,35,14,9

Round 393
,G,0,0,15
,C,4,2,20
,P,36,14,9

Round 394
,G,0,1,19
,C,8,2,16
,P,35,11,8

Round 395
,G,1,1,11
,C,4,0,23
,P,35,13,12

Round 396
,G,0,0,21
,C,15,1,14
,P,36,8,5

Round 397
,G,0,0,13
,C,1,1,24
,P,36,14,11

Round 398
,G,3,0,16
,C,16,5,13
,P,33,12,2

Round 399
,G,3,1,17
,C,11,5,15
,P,34,11,3

Round 400
,G,2,0,5
,C,10,1,32
,P,27,20,3

Round 401
,G,2,0,44
,C,1,0,0
,P,48,0,5

Round 402
,G,3,1,29
,C,1,0,12
,P,50,2,2

Round 403
,G,2,1,13
,C,2,1,21
,P,54,3,3

Round 404
,G,1,2,27
,C,1,2,14
,P,45,7,1

Round 405
,G,0,0,8
,C,1,2,27
,P,59,1,2

Round 406
,G,4,1,42
,C,1,2,1
,P,46,2,1

Round 407
,G,2,3,37
,C,8,0,2
,P,41,2,5

Round 408
,G,1,2,17
,C,3,1,18
,P,56,0,2

Round 409
,G,4,0,41
,C,3,1,3
,P,45,1,2

Round 410
,G,2,2,37
,C,3,1,4
,P,44,5,2

Round 411
,G,3,1,42
,C,2,0,3
,P,47,2,0

Round 412
,G,2,1,5
,C,2,0,26
,P,58,1,5

Round 413
,G,1,2,43
,C,2,0,1
,P,47,1,3

Round 414
,G,0,2,39
,C,2,2,3
,P,46,3,3

Round 415
,G,0,0,34
,C,3,1,7
,P,52,0,3

Round 416
,G,4,2,41
,C,1,1,2
,P,46,3,0

Round 417
,G,1,1,41
,C,1,0,4
,P,51,1,0

Round 418
,G,2,2,42
,C,3,0,1
,P,46,1,3

Round 419
,G,2,1,44
,C,1,0,1
,P,48,1,2

Round 420
,G,1,2,45
,C,0,1,2
,P,46,2,1

Round 421
,G,1,0,44
,C,1,1,2
,P,46,2,3

Round 422
,G,0,0,48
,C,1,1,0
,P,49,0,1

Round 423
,G,2,0,45
,C,2,1,2
,P,48,0,0

Round 424
,G,1,1,46
,C,1,1,1
,P,48,0,1

Round 425
,G,0,0,46
,C,1,1,1
,P,49,1,1

Round 426
,G,2,1,45
,C,1,1,1
,P,48,0,1

Round 427
,G,1,0,32
,C,1,1,1
,P,48,0,16

Round 428
,G,2,0,33
,C,0,1,2
,P,46,2,14

Round 429
,G,1,2,45
,C,1,0,0
,P,48,0,3

Round 430
,G,1,1,47
,C,0,1,1
,P,49,0,0

Round 431
,G,4,0,40
,C,2,1,2
,P,45,1,5

Round 432
,G,1,0,46
,C,0,1,2
,P,48,1,1

Round 433
,G,2,0,27
,C,0,1,1
,P,48,0,21

Round 434
,G,0,0,25
,C,0,1,1
,P,50,0,23

Round 435
,G,2,0,46
,C,1,1,2
,P,48,0,0

Round 436
,G,1,2,41
,C,2,2,2
,P,46,2,2

Round 437
,G,1,0,45
,C,1,1,1
,P,49,0,2

Round 438
,G,1,0,46
,C,0,1,2
,P,48,1,1

Round 439
,G,3,0,48
,C,0,1,1
,P,47,0,0

Round 440
,G,1,0,44
,C,2,1,2
,P,46,1,3

Round 441
,G,2,0,18
,C,3,1,2
,P,46,0,28

Round 442
,G,1,0,19
,C,1,0,3
,P,49,1,26

Round 443
,G,2,0,24
,C,1,0,3
,P,48,1,21

Round 444
,G,1,0,26
,C,0,1,1
,P,50,0,21

Round 445
,G,0,1,17
,C,3,1,1
,P,48,0,29

Round 446
,G,0,0,20
,C,0,1,3
,P,48,1,27

Round 447
,G,2,0,19
,C,2,1,2
,P,47,1,26

Round 448
,G,0,0,26
,C,0,1,1
,P,54,0,18

Round 449
,G,0,0,33
,C,0,1,1
,P,55,0,10

Round 450
,G,0,0,32
,C,0,1,2
,P,53,1,11

Round 451
,G,0,0,26
,C,0,1,3
,P,54,1,15

Round 452
,G,1,0,25
,C,1,0,2
,P,52,0,19

Round 453
,G,3,0,25
,C,3,0,2
,P,49,0,18

Round 454
,G,0,0,20
,C,1,1,2
,P,48,2,26

Round 455
,G,3,0,18
,C,1,1,2
,P,46,1,28

Round 456
,G,1,0,27
,C,1,0,2
,P,51,2,16

Round 457
,G,3,0,8
,C,3,0,1
,P,47,0,38

Round 458
,G,0,0,5
,C,0,1,4
,P,46,4,40

Round 459
,G,2,0,4
,C,1,1,1
,P,48,0,43

Round 460
,G,0,0,17
,C,3,0,3
,P,48,4,25

Round 461
,G,3,0,6
,C,2,0,2
,P,46,1,40

Round 462
,G,0,0,14
,C,1,0,3
,P,47,4,31

Round 463
,G,4,0,44
,C,3,0,2
,P,45,0,2

Round 464
,G,2,2,45
,C,1,0,1
,P,48,0,1

Round 465
,G,1,0,25
,C,1,0,1
,P,49,0,23

Round 466
,G,0,0,21
,C,3,0,6
,P,45,5,20

Round 467
,G,0,0,27
,C,2,1,2
,P,47,0,21

Round 468
,G,0,0,26
,C,0,1,2
,P,48,1,22

Round 469
,G,0,0,26
,C,2,0,3
,P,48,2,19

Round 470
,G,0,0,21
,C,4,0,7
,P,43,6,19

Round 471
,G,4,0,30
,C,4,0,3
,P,45,0,14

Round 472
,G,1,1,32
,C,2,0,1
,P,47,2,14

Round 473
,G,1,0,25
,C,1,0,1
,P,49,0,23

Round 474
,G,1,1,26
,C,2,1,3
,P,46,2,18

Round 475
,G,0,0,23
,C,1,1,3
,P,48,1,23

Round 476
,G,0,0,25
,C,1,0,1
,P,50,0,23

Round 477
,G,1,0,44
,C,2,0,2
,P,47,1,3

Round 478
,G,0,0,46
,C,2,0,2
,P,48,2,0

Round 479
,G,1,0,8
,C,3,2,2
,P,47,1,36

Round 480
,G,0,0,8
,C,2,0,3
,P,48,3,36

Round 481
,G,0,1,31
,C,3,0,2
,P,48,0,15

Round 482
,G,10,0,28
,C,0,1,6
,P,42,5,8

Round 483
,G,11,0,22
,C,1,2,13
,P,39,10,2

Round 484
,G,8,2,21
,C,1,2,10
,P,40,7,9

Round 485
,G,3,0,39
,C,1,1,5
,P,46,3,2

Round 486
,G,0,1,43
,C,0,5,2
,P,44,1,4

Round 487
,G,16,0,29
,C,0,1,1
,P,40,0,13

Round 488
,G,8,1,29
,C,1,1,4
,P,39,8,9

Round 489
,G,13,1,25
,C,1,1,3
,P,40,3,13

Round 490
,G,11,2,26
,C,0,2,3
,P,41,2,13

Round 491
,G,8,0,25
,C,1,1,9
,P,41,8,7

Round 492
,G,6,5,20
,C,0,2,11
,P,41,5,10

Round 493
,G,13,0,28
,C,2,1,1
,P,42,0,13

Round 494
,G,13,1,28
,C,0,1,2
,P,42,0,13

Round 495
,G,0,0,18
,C,0,1,17
,P,50,7,7

Round 496
,G,0,0,16
,C,0,2,16
,P,50,7,9

Round 497
,G,1,0,15
,C,0,1,16
,P,49,9,9

Round 498
,G,0,1,18
,C,1,1,15
,P,46,8,10

Round 499
,G,12,0,27
,C,1,1,2
,P,43,1,13

Round 500
,G,12,1,26
,C,0,1,2
,P,43,1,14

Round 501
,G,2,2,41
,C,1,1,2
,P,46,1,4

Round 502
,G,1,2,35
,C,1,0,5
,P,47,4,5

Round 503
,G,1,1,20
,C,1,0,10
,P,49,8,10

Round 504
,G,1,0,19
,C,1,0,10
,P,48,10,11

Round 505
,G,4,4,17
,C,5,4,10
,P,43,5,8

Round 506
,G,9,3,17
,C,4,11,2
,P,34,4,16

Round 507
,G,8,1,17
,C,8,10,3
,P,35,3,15

Round 508
,G,8,1,16
,C,5,11,2
,P,35,5,17

Round 509
,G,0,1,20
,C,2,0,11
,P,48,9,9

Round 510
,G,0,0,19
,C,1,1,9
,P,45,11,14

Round 511
,G,2,1,19
,C,1,2,10
,P,48,7,10

Round 512
,G,0,0,16
,C,3,1,15
,P,45,11,9

Round 513
,G,0,0,20
,C,11,0,10
,P,40,9,10

Round 514
,G,7,4,21
,C,6,9,5
,P,37,3,8

Round 515
,G,2,0,20
,C,1,0,10
,P,48,10,9

Round 516
,G,0,2,16
,C,0,0,11
,P,45,9,17

Round 517
,G,0,0,26
,C,3,0,8
,P,47,8,8

Round 518
,G,1,0,19
,C,1,0,12
,P,47,11,9

Round 519
,G,3,2,15
,C,12,2,5
,P,41,6,14

Round 520
,G,4,1,16
,C,13,4,2
,P,39,6,15

Round 521
,G,1,0,17
,C,1,0,11
,P,45,9,16

Round 522
,G,2,0,11
,C,2,0,12
,P,43,11,19

Round 523
,G,1,8,20
,C,2,0,9
,P,43,1,16

Round 524
,G,1,0,45
,C,1,0,3
,P,48,2,0

Round 525
,G,2,0,43
,C,1,0,5
,P,46,3,0

Round 526
,G,1,2,34
,C,0,1,10
,P,44,4,4

Round 527
,G,1,1,37
,C,1,0,4
,P,46,4,6

Round 528
,G,0,0,23
,C,1,0,9
,P,45,9,13

Round 529
,G,2,0,6
,C,2,1,13
,P,41,12,23

Round 530
,G,2,1,16
,C,3,2,11
,P,36,17,12

Round 531
,G,1,3,37
,C,1,0,5
,P,46,2,5

Round 532
,G,1,0,39
,C,1,0,7
,P,46,5,1

Round 533
,G,1,1,40
,C,3,0,2
,P,43,5,5

Round 534
,G,0,0,44
,C,1,0,4
,P,48,2,1

Round 535
,G,1,0,16
,C,1,0,11
,P,41,16,14

Round 536
,G,0,2,15
,C,2,2,9
,P,40,14,16

Round 537
,G,1,7,16
,C,3,0,11
,P,39,9,14

Round 538
,G,0,6,17
,C,2,0,10
,P,41,11,13

Round 539
,G,1,5,15
,C,1,0,12
,P,41,11,14

Round 540
,G,4,6,15
,C,1,2,10
,P,38,9,15

Round 541
,G,0,0,22
,C,0,0,1
,P,44,11,22

Round 542
,G,1,0,20
,C,0,0,1
,P,44,11,23

Round 543
,G,1,1,21
,C,0,0,2
,P,44,9,22

Round 544
,G,0,0,21
,C,0,0,3
,P,45,10,21

Round 545
,G,0,0,20
,C,0,0,1
,P,45,11,23

Round 546
,G,2,2,20
,C,0,0,3
,P,43,12,18

Round 547
,G,1,0,22
,C,1,0,1
,P,44,10,21

Round 548
,G,0,2,21
,C,0,0,3
,P,43,10,21

Round 549
,G,4,1,22
,C,1,1,0
,P,42,8,21

Round 550
,G,0,0,23
,C,2,0,0
,P,46,11,18

Round 551
,G,0,0,23
,C,1,0,0
,P,44,12,20

Round 552
,G,0,2,26
,C,1,0,2
,P,47,7,15

Round 553
,G,1,6,17
,C,1,0,9
,P,47,4,15

Round 554
,G,0,9,15
,C,2,0,8
,P,46,1,19

Round 555
,G,0,1,22
,C,2,0,0
,P,56,2,17

Round 556
,G,1,0,21
,C,2,1,4
,P,42,13,16

Round 557
,G,0,0,17
,C,1,0,7
,P,43,15,17

Round 558
,G,0,1,16
,C,1,0,8
,P,42,15,17

Round 559
,G,0,0,18
,C,1,0,9
,P,41,17,14

Round 560
,G,0,0,18
,C,1,0,7
,P,43,15,16

Round 561
,G,1,7,15
,C,2,1,8
,P,44,2,20

Round 562
,G,0,5,25
,C,1,1,8
,P,45,9,6

Round 563
,G,1,7,20
,C,1,0,11
,P,44,9,7

Round 564
,G,0,8,20
,C,2,1,11
,P,41,10,7

Round 565
,G,0,4,16
,C,3,1,11
,P,42,12,11

Round 566
,G,0,5,16
,C,1,0,12
,P,44,12,10

Round 567
,G,2,7,17
,C,3,1,6
,P,43,6,15

Round 568
,G,1,4,14
,C,2,4,13
,P,41,11,10

Round 569
,G,3,0,21
,C,1,0,9
,P,46,12,8

Round 570
,G,2,7,14
,C,1,1,9
,P,42,9,15

Round 571
,G,1,10,15
,C,1,0,13
,P,45,5,10

Round 572
,G,1,3,19
,C,1,0,5
,P,52,4,15

Round 573
,G,2,6,19
,C,2,1,11
,P,47,5,7

Round 574
,G,1,6,20
,C,1,1,10
,P,49,5,7

Round 575
,G,1,1,19
,C,1,0,15
,P,44,16,3

Round 576
,G,2,2,18
,C,2,2,14
,P,43,14,3

Round 577
,G,0,9,19
,C,1,0,17
,P,45,9,0

Round 578
,G,2,7,18
,C,1,1,16
,P,44,9,2

Round 579
,G,0,7,10
,C,1,0,19
,P,46,10,7

Round 580
,G,0,8,12
,C,2,1,15
,P,44,10,8

Round 581
,G,4,1,36
,C,1,1,7
,P,45,5,0

Round 582
,G,3,1,35
,C,1,3,6
,P,45,5,1

Round 583
,G,3,2,41
,C,2,1,1
,P,47,0,3

Round 584
,G,2,0,47
,C,1,1,0
,P,48,0,1

Round 585
,G,3,1,43
,C,3,1,2
,P,45,2,0

Round 586
,G,3,1,39
,C,2,1,5
,P,44,4,1

Round 587
,G,4,3,30
,C,1,1,12
,P,44,4,1

Round 588
,G,4,2,38
,C,2,0,5
,P,44,3,2

Round 589
,G,0,4,35
,C,4,1,4
,P,48,2,2

Round 590
,G,1,3,38
,C,4,1,4
,P,44,3,2

Round 591
,G,2,1,38
,C,3,1,6
,P,46,3,0

Round 592
,G,4,2,35
,C,3,1,6
,P,41,6,2

Round 593
,G,1,1,41
,C,1,1,5
,P,48,2,0

Round 594
,G,2,1,43
,C,4,1,1
,P,44,4,0

Round 595
,G,3,4,30
,C,5,2,6
,P,42,3,5

Round 596
,G,3,8,26
,C,3,2,7
,P,38,7,6

Round 597
,G,3,8,21
,C,1,1,12
,P,42,3,9

Round 598
,G,2,3,33
,C,3,1,7
,P,42,5,4

Round 599
,G,2,2,38
,C,0,0,6
,P,49,2,1

Round 600
,G,3,3,42
,C,1,1,2
,P,46,1,1

Round 601
,G,0,12,16
,C,2,1,9
,P,43,2,15

Round 602
,G,0,0,28
,C,0,1,1
,P,56,0,14

Round 603
,G,0,7,23
,C,3,1,10
,P,42,7,7

Round 604
,G,0,0,32
,C,0,1,1
,P,55,0,11

Round 605
,G,7,6,31
,C,5,1,3
,P,35,5,7

Round 606
,G,3,2,43
,C,0,1,2
,P,47,0,2

Round 607
,G,3,1,45
,C,1,1,1
,P,45,1,2

Round 608
,G,3,4,33
,C,1,0,6
,P,44,4,5

Round 609
,G,1,2,42
,C,1,0,3
,P,47,2,2

Round 610
,G,2,6,24
,C,0,2,7
,P,42,7,10

Round 611
,G,0,8,20
,C,0,1,11
,P,41,10,9

Round 612
,G,2,3,36
,C,1,2,3
,P,45,6,2

Round 613
,G,1,13,26
,C,0,0,14
,P,40,6,0

Round 614
,G,0,11,23
,C,3,0,12
,P,37,7,7

Round 615
,G,0,10,19
,C,3,0,9
,P,38,10,11

Round 616
,G,2,11,18
,C,2,1,10
,P,38,9,9

Round 617
,G,2,7,30
,C,2,1,8
,P,40,6,4

Round 618
,G,2,5,31
,C,2,1,6
,P,42,7,4

Round 619
,G,0,14,21
,C,2,0,8
,P,40,3,12

Round 620
,G,0,7,30
,C,2,0,8
,P,43,4,6

Round 621
,G,0,0,48
,C,1,0,0
,P,50,1,0

Round 622
,G,3,1,45
,C,2,0,0
,P,48,0,1

Round 623
,G,15,1,21
,C,3,0,0
,P,47,5,8

Round 624
,G,0,2,42
,C,3,0,1
,P,48,1,3

Round 625
,G,0,2,31
,C,6,0,2
,P,40,13,6

Round 626
,G,0,7,34
,C,4,0,0
,P,38,15,2

Round 627
,G,2,0,42
,C,2,0,3
,P,48,2,1

Round 628
,G,1,0,21
,C,1,0,17
,P,49,10,1

Round 629
,G,1,3,40
,C,2,0,4
,P,47,2,1

Round 630
,G,2,4,36
,C,5,0,3
,P,41,6,3

Round 631
,G,2,1,43
,C,3,0,0
,P,47,1,3

Round 632
,G,0,0,48
,C,1,0,0
,P,50,1,0

Round 633
,G,0,2,39
,C,3,0,4
,P,49,3,0

Round 634
,G,1,17,34
,C,1,0,2
,P,41,3,1

Round 635
,G,1,10,12
,C,1,0,11
,P,44,0,21

Round 636
,G,2,9,35
,C,1,1,2
,P,42,5,3

Round 637
,G,2,0,42
,C,2,0,3
,P,49,1,1

Round 638
,G,2,2,44
,C,1,0,2
,P,48,1,0

Round 639
,G,0,10,22
,C,1,0,11
,P,45,2,9

Round 640
,G,2,5,37
,C,2,0,2
,P,45,4,3

Round 641
,G,0,9,12
,C,7,0,15
,P,44,5,8

Round 642
,G,1,8,24
,C,8,0,7
,P,32,19,1

Round 643
,G,0,2,24
,C,8,0,9
,P,35,22,0

Round 644
,G,0,2,24
,C,8,2,7
,P,35,22,0

Round 645
,G,0,1,28
,C,4,1,4
,P,42,19,1

Round 646
,G,0,0,35
,C,1,1,7
,P,47,7,2

Round 647
,G,0,0,27
,C,7,1,2
,P,37,19,7

Round 648
,G,1,0,32
,C,3,0,0
,P,44,20,0

Round 649
,G,0,0,31
,C,1,1,0
,P,48,18,1

Round 650
,G,1,0,27
,C,8,0,0
,P,36,20,8

Round 651
,G,1,0,21
,C,4,0,14
,P,43,14,3

Round 652
,G,2,0,43
,C,1,0,0
,P,48,5,1

Round 653
,G,0,0,25
,C,9,0,8
,P,33,25,0

Round 654
,G,1,0,15
,C,1,0,24
,P,49,10,0

Round 655
,G,1,0,24
,C,5,1,3
,P,40,18,8

Round 656
,G,0,0,26
,C,6,0,2
,P,39,18,9

Round 657
,G,1,2,5
,C,2,0,22
,P,47,11,10

Round 658
,G,1,0,5
,C,2,1,20
,P,46,15,10

Round 659
,G,0,1,27
,C,4,0,6
,P,44,18,0

Round 660
,G,0,2,42
,C,3,0,2
,P,45,6,0

Round 661
,G,1,0,36
,C,4,0,1
,P,44,11,3

Round 662
,G,0,2,37
,C,3,1,2
,P,46,4,5

Round 663
,G,1,0,45
,C,2,0,0
,P,47,3,2

Round 664
,G,0,0,45
,C,1,0,0
,P,50,4,0

Round 665
,G,2,0,41
,C,2,0,1
,P,46,5,3

Round 666
,G,0,0,48
,C,1,0,0
,P,50,1,0

Round 667
,G,2,0,44
,C,1,0,0
,P,48,3,2

Round 668
,G,0,0,48
,C,1,0,0
,P,50,1,0

Round 669
,G,1,0,46
,C,1,0,0
,P,49,2,1

Round 670
,G,0,2,44
,C,3,0,0
,P,49,2,0

Round 671
,G,0,1,45
,C,3,0,1
,P,47,3,0

Round 672
,G,0,1,47
,C,2,0,0
,P,49,1,0

Round 673
,G,1,0,41
,C,3,0,1
,P,45,6,3

Round 674
,G,1,0,45
,C,1,0,0
,P,49,3,1

Round 675
,G,0,0,41
,C,3,0,4
,P,45,7,0

Round 676
,G,1,1,44
,C,2,0,1
,P,48,2,1

Round 677
,G,2,1,40
,C,4,1,1
,P,44,5,2

Round 678
,G,1,1,43
,C,2,0,1
,P,48,3,1

Round 679
,G,1,0,43
,C,2,0,1
,P,46,5,2

Round 680
,G,0,1,46
,C,2,0,1
,P,49,0,1

Round 681
,G,0,1,12
,C,10,0,20
,P,36,18,3

Round 682
,G,0,2,30
,C,6,1,6
,P,49,4,2

Round 683
,G,4,0,7
,C,6,1,14
,P,51,9,8

Round 684
,G,3,1,16
,C,6,1,8
,P,43,12,10

Round 685
,G,3,1,39
,C,4,0,4
,P,47,2,0

Round 686
,G,0,1,41
,C,2,0,3
,P,48,3,2

Round 687
,G,0,0,45
,C,1,0,3
,P,49,2,0

Round 688
,G,1,0,40
,C,1,0,6
,P,48,3,1

Round 689
,G,0,0,32
,C,5,0,5
,P,49,6,3

Round 690
,G,3,3,31
,C,2,0,6
,P,45,6,4

Round 691
,G,1,0,14
,C,4,1,19
,P,46,12,3

Round 692
,G,2,1,12
,C,11,0,10
,P,51,12,1

Round 693
,G,1,1,44
,C,2,0,1
,P,48,2,1

Round 694
,G,0,0,1
,C,8,7,11
,P,49,10,14

Round 695
,G,1,0,22
,C,4,0,2
,P,47,11,13

Round 696
,G,1,1,24
,C,2,0,1
,P,49,12,10

Round 697
,G,3,2,31
,C,5,1,4
,P,44,5,5

Round 698
,G,0,2,44
,C,3,0,1
,P,49,1,0

Round 699
,G,6,0,12
,C,8,5,10
,P,46,10,3

Round 700
,G,0,1,21
,C,2,0,1
,P,52,8,15

Round 701
,G,5,2,10
,C,10,9,13
,P,39,12,0

Round 702
,G,12,1,2
,C,13,12,15
,P,19,25,1

Round 703
,G,7,0,7
,C,14,7,15
,P,20,28,2

Round 704
,G,2,1,15
,C,6,3,8
,P,37,24,4

Round 705
,G,4,1,15
,C,6,4,9
,P,37,22,2

Round 706
,G,7,0,8
,C,15,7,15
,P,18,28,2

Round 707
,G,21,1,1
,C,2,1,24
,P,27,23,0

Round 708
,G,8,1,7
,C,9,5,18
,P,32,18,2

Round 709
,G,18,1,4
,C,4,2,21
,P,28,21,1

Round 710
,G,12,1,6
,C,8,1,20
,P,25,25,2

Round 711
,G,2,1,10
,C,11,9,15
,P,37,15,0

Round 712
,G,3,0,9
,C,13,9,14
,P,34,16,2

Round 713
,G,8,0,7
,C,2,1,11
,P,40,24,7

Round 714
,G,5,1,7
,C,5,0,13
,P,36,25,8

Round 715
,G,13,1,5
,C,4,2,19
,P,30,23,3

Round 716
,G,17,1,2
,C,2,1,24
,P,29,24,0

Round 717
,G,7,1,8
,C,3,1,10
,P,39,23,8

Round 718
,G,6,1,9
,C,3,0,9
,P,40,24,8

Round 719
,G,3,0,22
,C,1,1,3
,P,46,23,1

Round 720
,G,1,0,22
,C,1,0,2
,P,49,24,1

Round 721
,G,1,0,25
,C,1,1,0
,P,48,24,0

Round 722
,G,0,1,17
,C,1,13,16
,P,47,5,0

Round 723
,G,1,1,14
,C,1,1,17
,P,47,17,1

Round 724
,G,0,0,17
,C,1,2,15
,P,46,16,3

Round 725
,G,2,0,25
,C,7,0,11
,P,38,16,1

Round 726
,G,3,6,11
,C,4,2,15
,P,37,22,0

Round 727
,G,1,2,15
,C,1,3,16
,P,33,29,0

Round 728
,G,3,1,15
,C,2,5,16
,P,32,23,3

Round 729
,G,2,0,15
,C,3,1,15
,P,32,29,3

Round 730
,G,1,1,16
,C,1,1,15
,P,34,30,1

Round 731
,G,2,1,17
,C,0,2,14
,P,34,28,2

Round 732
,G,1,1,16
,C,1,2,14
,P,33,30,2

Round 733
,G,3,2,14
,C,3,3,15
,P,31,26,3

Round 734
,G,1,0,16
,C,4,3,15
,P,30,28,3

Round 735
,G,0,1,14
,C,2,4,17
,P,32,29,1

Round 736
,G,2,2,13
,C,0,5,14
,P,37,23,4

Round 737
,G,3,1,23
,C,0,4,10
,P,38,19,2

Round 738
,G,5,8,12
,C,1,8,14
,P,35,16,1

Round 739
,G,1,10,12
,C,0,7,11
,P,39,19,1

Round 740
,G,0,0,17
,C,1,0,16
,P,33,33,0

Round 741
,G,0,0,17
,C,1,0,16
,P,33,33,0

Round 742
,G,0,2,17
,C,1,0,6
,P,41,22,11

Round 743
,G,0,0,48
,C,1,0,0
,P,50,1,0

Round 744
,G,1,0,45
,C,1,0,1
,P,48,3,1

Round 745
,G,1,0,36
,C,1,2,6
,P,45,8,1

Round 746
,G,0,0,46
,C,3,0,0
,P,46,3,2

Round 747
,G,3,1,22
,C,4,1,12
,P,37,19,1

Round 748
,G,2,0,37
,C,1,1,2
,P,46,7,4

Round 749
,G,2,0,17
,C,2,0,3
,P,46,17,13

Round 750
,G,1,1,17
,C,1,0,6
,P,43,20,11

Round 751
,G,1,0,21
,C,2,0,14
,P,37,25,0

Round 752
,G,4,2,32
,C,1,0,3
,P,46,8,4

Round 753
,G,0,0,46
,C,1,1,1
,P,50,1,0

Round 754
,G,3,0,40
,C,2,0,3
,P,44,5,3

Round 755
,G,1,0,44
,C,2,0,0
,P,49,2,2

Round 756
,G,1,0,47
,C,1,0,0
,P,49,2,0

Round 757
,G,3,0,35
,C,1,0,5
,P,46,7,3

Round 758
,G,2,3,39
,C,3,0,2
,P,41,9,1

Round 759
,G,4,0,37
,C,2,1,3
,P,42,8,3

Round 760
,G,4,1,39
,C,3,0,1
,P,46,4,2

Round 761
,G,1,0,14
,C,1,14,16
,P,49,3,2

Round 762
,G,0,3,15
,C,4,13,13
,P,42,9,1

Round 763
,G,3,6,8
,C,4,10,18
,P,37,12,2

Round 764
,G,0,4,9
,C,4,8,13
,P,43,13,6

Round 765
,G,0,7,10
,C,2,9,18
,P,45,9,0

Round 766
,G,0,8,11
,C,1,9,14
,P,42,13,2

Round 767
,G,1,6,14
,C,1,9,11
,P,39,18,1

Round 768
,G,3,0,13
,C,1,9,11
,P,40,20,3

Round 769
,G,2,2,15
,C,4,6,12
,P,38,16,5

Round 770
,G,1,1,15
,C,8,11,5
,P,43,11,5

Round 771
,G,0,0,6
,C,10,11,20
,P,29,23,1

Round 772
,G,0,5,12
,C,6,12,12
,P,46,6,1

Round 773
,G,3,5,10
,C,4,5,13
,P,40,14,6

Round 774
,G,1,0,21
,C,9,5,5
,P,34,20,5

Round 775
,G,1,1,11
,C,2,11,17
,P,39,18,0

Round 776
,G,0,0,13
,C,4,11,15
,P,36,20,1

Round 777
,G,0,10,13
,C,6,8,13
,P,40,9,1

Round 778
,G,0,5,16
,C,7,6,10
,P,40,14,2

Round 779
,G,1,4,16
,C,8,7,12
,P,37,14,1

Round 780
,G,0,6,15
,C,9,6,11
,P,34,18,1

Round 781
,G,0,2,20
,C,4,9,12
,P,43,10,0

Round 782
,G,0,1,17
,C,5,8,11
,P,41,11,6

Round 783
,G,0,2,17
,C,2,10,14
,P,45,8,2

Round 784
,G,0,2,16
,C,3,10,13
,P,44,9,3

Round 785
,G,1,4,12
,C,2,6,14
,P,39,17,5

Round 786
,G,0,3,9
,C,1,5,15
,P,40,17,10

Round 787
,G,0,5,9
,C,2,3,14
,P,39,18,10

Round 788
,G,2,4,10
,C,1,4,16
,P,38,19,6

Round 789
,G,3,6,15
,C,6,5,15
,P,34,14,2

Round 790
,G,0,1,16
,C,3,14,15
,P,47,3,1

Round 791
,G,4,2,11
,C,4,9,14
,P,37,13,6

Round 792
,G,0,0,17
,C,0,16,16
,P,49,1,1

Round 793
,G,0,8,10
,C,1,7,15
,P,44,12,3

Round 794
,G,0,6,12
,C,4,4,13
,P,40,17,4

Round 795
,G,2,2,16
,C,4,8,15
,P,41,10,2

Round 796
,G,0,4,13
,C,3,9,13
,P,46,9,3

Round 797
,G,1,1,16
,C,7,8,12
,P,38,13,4

Round 798
,G,0,4,16
,C,1,9,15
,P,43,10,2

Round 799
,G,2,5,9
,C,3,10,15
,P,39,12,5

Round 800
,G,0,2,18
,C,5,11,12
,P,43,7,2

Round 801
,G,1,3,28
,C,3,1,6
,P,43,10,5

Round 802
,G,0,3,38
,C,3,0,2
,P,47,6,1

Round 803
,G,1,1,17
,C,1,8,10
,P,43,18,1

Round 804
,G,0,1,20
,C,1,9,10
,P,47,11,1

Round 805
,G,2,1,35
,C,4,3,1
,P,43,9,2

Round 806
,G,1,1,37
,C,2,2,1
,P,47,6,3

Round 807
,G,1,2,37
,C,3,0,4
,P,47,4,2

Round 808
,G,0,4,34
,C,5,0,3
,P,44,8,2

Round 809
,G,1,1,16
,C,1,8,11
,P,47,12,3

Round 810
,G,1,3,23
,C,3,4,4
,P,38,16,8

Round 811
,G,5,1,16
,C,2,4,7
,P,38,17,10

Round 812
,G,8,2,9
,C,1,0,13
,P,41,17,9

Round 813
,G,2,1,16
,C,6,1,12
,P,45,15,2

Round 814
,G,2,0,18
,C,1,7,8
,P,43,16,5

Round 815
,G,1,3,18
,C,3,5,9
,P,44,14,3

Round 816
,G,1,4,16
,C,2,8,8
,P,43,15,3

Round 817
,G,2,3,28
,C,4,4,6
,P,41,11,1

Round 818
,G,1,0,46
,C,2,0,1
,P,47,2,1

Round 819
,G,9,8,10
,C,1,0,9
,P,45,9,9

Round 820
,G,8,0,16
,C,1,0,9
,P,42,17,7

Round 821
,G,3,2,29
,C,3,0,8
,P,43,9,3

Round 822
,G,0,0,25
,C,1,0,0
,P,49,25,0

Round 823
,G,2,0,20
,C,2,1,9
,P,39,27,0

Round 824
,G,4,1,32
,C,3,0,4
,P,44,8,4

Round 825
,G,0,0,24
,C,1,0,1
,P,49,25,0

Round 826
,G,0,1,35
,C,1,0,1
,P,48,13,1

Round 827
,G,1,1,40
,C,0,1,1
,P,49,6,1

Round 828
,G,4,1,26
,C,4,0,5
,P,41,14,5

Round 829
,G,3,1,22
,C,3,0,3
,P,42,23,3

Round 830
,G,1,2,29
,C,5,0,3
,P,41,15,4

Round 831
,G,0,1,23
,C,2,1,2
,P,47,23,1

Round 832
,G,0,1,17
,C,1,0,12
,P,38,29,2

Round 833
,G,2,2,25
,C,2,1,6
,P,44,17,1

Round 834
,G,2,0,21
,C,2,0,1
,P,45,26,3

Round 835
,G,1,1,33
,C,2,1,1
,P,48,13,0

Round 836
,G,0,1,21
,C,2,0,3
,P,44,28,1

Round 837
,G,0,0,24
,C,1,2,0
,P,49,23,1

Round 838
,G,0,0,29
,C,2,0,2
,P,46,19,2

Round 839
,G,2,3,30
,C,2,0,5
,P,45,13,0

Round 840
,G,0,1,31
,C,2,0,2
,P,48,14,2

Round 841
,G,0,2,22
,C,2,1,3
,P,47,23,0

Round 842
,G,0,0,23
,C,1,2,3
,P,48,23,0

Round 843
,G,0,1,20
,C,1,4,6
,P,47,21,0

Round 844
,G,1,1,22
,C,1,2,3
,P,45,24,1

Round 845
,G,1,4,24
,C,0,2,2
,P,49,18,0

Round 846
,G,0,2,22
,C,1,3,3
,P,48,20,1

Round 847
,G,1,2,23
,C,4,1,4
,P,42,23,0

Round 848
,G,0,1,21
,C,2,2,2
,P,45,23,4

Round 849
,G,0,1,22
,C,3,3,4
,P,47,20,0

Round 850
,G,1,2,21
,C,2,1,2
,P,44,24,3

Round 851
,G,1,1,21
,C,3,4,4
,P,41,24,1

Round 852
,G,0,3,20
,C,2,2,3
,P,44,22,4

Round 853
,G,3,2,19
,C,2,6,7
,P,41,20,0

Round 854
,G,2,0,22
,C,1,1,2
,P,46,24,2

Round 855
,G,2,0,20
,C,1,4,5
,P,46,21,1

Round 856
,G,0,0,24
,C,1,0,1
,P,49,25,0

Round 857
,G,1,0,21
,C,1,1,4
,P,48,23,1

Round 858
,G,0,0,24
,C,1,0,1
,P,49,25,0

Round 859
,G,1,0,23
,C,1,2,2
,P,47,24,0

Round 860
,G,1,2,21
,C,2,1,1
,P,45,23,4

Round 861
,G,0,1,21
,C,3,3,2
,P,46,22,2

Round 862
,G,1,0,22
,C,3,1,6
,P,43,22,2

Round 863
,G,4,0,14
,C,7,2,14
,P,34,16,9

Round 864
,G,2,2,20
,C,2,0,3
,P,44,21,6

Round 865
,G,2,1,27
,C,4,2,4
,P,44,14,2

Round 866
,G,5,4,16
,C,6,1,10
,P,34,13,11

Round 867
,G,7,2,16
,C,3,1,3
,P,30,23,15

Round 868
,G,2,1,36
,C,2,0,3
,P,45,8,3

Round 869
,G,1,1,23
,C,2,0,3
,P,48,22,0

Round 870
,G,2,1,18
,C,1,1,4
,P,40,32,1

Round 871
,G,0,0,19
,C,1,0,1
,P,39,40,0

Round 872
,G,0,3,19
,C,1,2,5
,P,38,31,1

Round 873
,G,4,0,17
,C,3,4,6
,P,38,26,2

Round 874
,G,1,0,30
,C,2,1,1
,P,43,20,2

Round 875
,G,2,1,23
,C,2,0,2
,P,40,28,2

Round 876
,G,2,0,28
,C,2,0,2
,P,42,22,2

Round 877
,G,3,1,37
,C,1,0,2
,P,45,9,2

Round 878
,G,2,1,24
,C,1,0,1
,P,41,28,2

Round 879
,G,1,0,30
,C,1,0,1
,P,43,24,0

Round 880
,G,2,1,39
,C,1,1,1
,P,46,6,3

Round 881
,G,0,1,13
,C,9,1,9
,P,43,14,10

Round 882
,G,0,0,20
,C,2,1,1
,P,38,38,0

Round 883
,G,1,1,19
,C,1,1,3
,P,39,34,1

Round 884
,G,1,4,19
,C,2,5,7
,P,41,17,4

Round 885
,G,2,0,21
,C,1,1,4
,P,45,24,2

Round 886
,G,0,0,24
,C,1,0,1
,P,48,26,0

Round 887
,G,0,1,23
,C,2,3,2
,P,46,23,0

Round 888
,G,0,0,24
,C,1,0,1
,P,48,26,0

Round 889
,G,1,0,24
,C,1,0,1
,P,47,26,0

Round 890
,G,0,0,24
,C,1,0,1
,P,48,26,0

Round 891
,G,2,2,20
,C,2,3,4
,P,45,19,3

Round 892
,G,1,0,11
,C,3,4,1
,P,44,22,14

Round 893
,G,2,0,21
,C,3,4,5
,P,45,19,1

Round 894
,G,0,0,24
,C,2,1,1
,P,43,28,1

Round 895
,G,1,0,24
,C,1,0,1
,P,47,26,0

Round 896
,G,3,2,18
,C,4,2,4
,P,36,24,7

Round 897
,G,0,0,3
,C,2,1,1
,P,45,26,22

Round 898
,G,0,0,13
,C,9,7,15
,P,26,28,2

Round 899
,G,1,1,12
,C,9,6,15
,P,25,27,4

Round 900
,G,0,0,23
,C,3,2,3
,P,45,23,1

Round 901
,G,1,0,23
,C,2,1,2
,P,46,24,1

Round 902
,G,1,2,22
,C,1,2,2
,P,46,22,2

Round 903
,G,1,1,18
,C,2,4,5
,P,47,16,6

Round 904
,G,1,12,6
,C,2,3,14
,P,39,8,15

Round 905
,G,6,1,13
,C,4,5,5
,P,34,22,10

Round 906
,G,2,1,17
,C,3,4,4
,P,42,20,7

Round 907
,G,2,2,20
,C,2,5,3
,P,45,18,3

Round 908
,G,2,0,19
,C,5,4,5
,P,45,18,2

Round 909
,G,1,0,8
,C,22,1,23
,P,37,7,1

Round 910
,G,4,3,11
,C,5,4,6
,P,37,17,13

Round 911
,G,3,3,13
,C,5,5,5
,P,38,18,10

Round 912
,G,1,4,16
,C,7,2,7
,P,37,19,7

Round 913
,G,0,4,18
,C,4,3,6
,P,45,17,3

Round 914
,G,0,3,19
,C,5,2,7
,P,41,21,2

Round 915
,G,0,5,21
,C,4,3,1
,P,47,16,3

Round 916
,G,7,0,15
,C,3,2,3
,P,33,28,9

Round 917
,G,6,1,13
,C,2,3,7
,P,35,24,9

Round 918
,G,5,1,15
,C,4,4,5
,P,33,26,7

Round 919
,G,6,2,18
,C,4,4,0
,P,37,24,5

Round 920
,G,0,3,21
,C,3,2,3
,P,45,20,3

Round 921
,G,5,2,20
,C,6,5,3
,P,43,16,0

Round 922
,G,0,4,12
,C,11,6,15
,P,25,24,3

Round 923
,G,2,1,12
,C,2,12,12
,P,22,37,0

Round 924
,G,0,2,14
,C,2,11,10
,P,28,30,3

Round 925
,G,2,2,41
,C,1,1,4
,P,44,5,0

Round 926
,G,5,5,28
,C,2,2,3
,P,32,21,2

Round 927
,G,2,6,32
,C,2,2,3
,P,38,12,3

Round 928
,G,2,1,17
,C,6,6,7
,P,22,34,5

Round 929
,G,1,4,17
,C,9,7,7
,P,29,23,3

Round 930
,G,0,1,16
,C,7,7,7
,P,30,31,1

Round 931
,G,4,5,17
,C,8,5,5
,P,24,30,2

Round 932
,G,14,2,18
,C,2,2,1
,P,18,41,2

Round 933
,G,9,6,15
,C,4,4,4
,P,23,32,3

Round 934
,G,9,2,23
,C,1,11,0
,P,18,35,1

Round 935
,G,1,3,13
,C,3,12,13
,P,28,27,0

Round 936
,G,2,2,12
,C,2,12,12
,P,27,29,2

Round 937
,G,1,4,12
,C,2,10,10
,P,29,30,2

Round 938
,G,0,8,21
,C,8,2,1
,P,24,36,0

Round 939
,G,7,10,19
,C,3,2,1
,P,22,35,1

Round 940
,G,0,2,26
,C,2,1,0
,P,43,26,0

Round 941
,G,0,2,17
,C,1,2,0
,P,40,36,2

Round 942
,G,3,2,38
,C,1,2,1
,P,42,10,1

Round 943
,G,2,1,35
,C,2,1,4
,P,37,17,1

Round 944
,G,2,2,39
,C,0,1,5
,P,45,6,0

Round 945
,G,2,0,43
,C,0,1,5
,P,47,2,0

Round 946
,G,0,1,47
,C,1,1,1
,P,49,0,0

Round 947
,G,6,0,30
,C,0,1,1
,P,33,28,1

Round 948
,G,2,1,41
,C,0,1,2
,P,43,8,2

Round 949
,G,8,0,29
,C,0,1,1
,P,32,28,1

Round 950
,G,3,2,38
,C,2,1,2
,P,45,4,3

Round 951
,G,4,2,29
,C,2,1,1
,P,40,18,3

Round 952
,G,0,1,47
,C,1,1,1
,P,48,1,0

Round 953
,G,1,3,35
,C,1,3,4
,P,43,9,1

Round 954
,G,1,2,32
,C,2,2,4
,P,45,10,2

Round 955
,G,0,0,25
,C,0,2,2
,P,49,22,0

Round 956
,G,4,2,31
,C,4,1,3
,P,33,20,2

Round 957
,G,10,0,24
,C,1,1,1
,P,25,37,1

Round 958
,G,1,2,43
,C,2,0,1
,P,44,6,1

Round 959
,G,8,1,35
,C,2,0,2
,P,34,17,1

Round 960
,G,1,2,39
,C,3,2,3
,P,43,6,1

Round 961
,G,10,1,14
,C,0,1,2
,P,28,33,11

Round 962
,G,2,1,14
,C,2,3,26
,P,46,4,2

Round 963
,G,3,3,16
,C,6,3,15
,P,35,11,8

Round 964
,G,1,3,14
,C,2,4,20
,P,41,7,8

Round 965
,G,1,2,29
,C,2,1,8
,P,46,4,7

Round 966
,G,0,1,15
,C,0,3,23
,P,45,6,7

Round 967
,G,3,1,34
,C,2,2,2
,P,40,8,8

Round 968
,G,2,2,36
,C,2,2,4
,P,43,6,3

Round 969
,G,1,0,24
,C,0,2,20
,P,48,2,3

Round 970
,G,0,1,9
,C,6,1,6
,P,20,36,21

Round 971
,G,1,3,19
,C,2,3,14
,P,31,21,6

Round 972
,G,3,2,21
,C,2,4,14
,P,35,16,3

Round 973
,G,2,1,14
,C,1,2,22
,P,39,12,7

Round 974
,G,0,0,16
,C,0,1,33
,P,50,0,0

Round 975
,G,4,3,14
,C,4,6,10
,P,30,20,9

Round 976
,G,4,3,20
,C,1,6,6
,P,34,13,13

Round 977
,G,1,5,15
,C,2,0,5
,P,34,21,17

Round 978
,G,1,0,16
,C,0,1,33
,P,49,0,0

Round 979
,G,0,5,16
,C,5,4,8
,P,29,21,12

Round 980
,G,1,1,16
,C,3,6,19
,P,39,9,6

Round 981
,G,2,0,15
,C,3,3,30
,P,41,4,2

Round 982
,G,1,0,13
,C,10,7,18
,P,45,3,3

Round 983
,G,0,0,16
,C,0,1,33
,P,50,0,0

Round 984
,G,1,1,16
,C,1,1,31
,P,49,0,0

Round 985
,G,4,1,19
,C,5,4,18
,P,44,2,3

Round 986
,G,1,0,16
,C,1,2,27
,P,48,3,2

Round 987
,G,1,2,17
,C,4,2,24
,P,47,3,0

Round 988
,G,11,0,3
,C,5,3,27
,P,29,19,3

Round 989
,G,1,1,17
,C,2,2,26
,P,47,3,1

Round 990
,G,0,0,17
,C,1,2,29
,P,47,3,1

Round 991
,G,1,4,15
,C,0,5,20
,P,47,4,4

Round 992
,G,1,1,15
,C,0,3,28
,P,47,3,2

Round 993
,G,2,1,17
,C,2,2,26
,P,46,3,1

Round 994
,G,0,1,16
,C,2,2,27
,P,48,3,1

Round 995
,G,2,2,16
,C,6,2,24
,P,45,3,0

Round 996
,G,0,0,16
,C,3,1,28
,P,49,3,0

Round 997
,G,0,0,19
,C,2,2,27
,P,49,1,0

Round 998
,G,1,0,16
,C,14,2,16
,P,47,2,2

Round 999
,G,1,1,16
,C,14,2,15
,P,48,2,1

Round 1000
,G,7,2,13
,C,8,10,12
,P,36,6,6

Round 1001
,G,0,10,3
,C,1,11,20
,P,45,10,0

Round 1002
,G,3,4,15
,C,7,5,13
,P,40,12,1

Round 1003
,G,9,1,13
,C,2,2,4
,P,29,31,9

Round 1004
,G,3,3,13
,C,6,7,8
,P,36,20,4

Round 1005
,G,3,3,15
,C,5,6,10
,P,37,18,3

Round 1006
,G,0,2,9
,C,5,6,20
,P,38,20,0

Round 1007
,G,0,3,17
,C,8,8,12
,P,41,11,0

Round 1008
,G,1,3,7
,C,10,4,20
,P,34,17,4

Round 1009
,G,3,5,11
,C,8,7,17
,P,39,8,2

Round 1010
,G,0,3,15
,C,8,7,11
,P,41,13,2

Round 1011
,G,2,1,18
,C,11,9,12
,P,41,6,0

Round 1012
,G,2,1,15
,C,10,9,10
,P,41,10,2

Round 1013
,G,1,5,16
,C,9,3,14
,P,42,9,1

Round 1014
,G,1,1,16
,C,9,6,13
,P,42,10,2

Round 1015
,G,2,1,18
,C,5,6,16
,P,44,8,0

Round 1016
,G,5,2,11
,C,7,5,12
,P,46,10,2

Round 1017
,G,5,5,10
,C,7,6,14
,P,36,11,6

Round 1018
,G,2,8,10
,C,6,5,16
,P,35,12,6

Round 1019
,G,2,0,18
,C,9,10,10
,P,42,8,1

Round 1020
,G,10,1,10
,C,1,2,3
,P,30,32,11

Round 1021
,G,12,6,11
,C,4,2,8
,P,28,23,6

Round 1022
,G,0,2,15
,C,4,9,12
,P,26,31,1

Round 1023
,G,1,7,2
,C,1,18,10
,P,20,34,7

Round 1024
,G,0,0,7
,C,3,11,12
,P,25,33,9

Round 1025
,G,0,0,8
,C,3,9,12
,P,26,33,9

Round 1026
,G,0,3,12
,C,8,6,6
,P,20,33,12

Round 1027
,G,0,2,11
,C,2,11,10
,P,25,33,6

Round 1028
,G,0,3,10
,C,3,8,11
,P,23,28,14

Round 1029
,G,0,0,22
,C,1,2,1
,P,23,41,10

Round 1030
,G,0,0,4
,C,3,18,22
,P,10,41,2

Round 1031
,G,0,1,2
,C,2,22,23
,P,3,45,2

Round 1032
,G,1,2,5
,C,3,15,18
,P,13,37,6

Round 1033
,G,0,2,7
,C,3,17,17
,P,13,39,2

Round 1034
,G,0,1,3
,C,2,21,21
,P,6,44,2

Round 1035
,G,1,1,3
,C,1,22,21
,P,8,41,2

Round 1036
,G,2,1,7
,C,6,13,18
,P,14,33,6

Round 1037
,G,0,0,0
,C,5,27,21
,P,1,42,4

Round 1038
,G,0,2,5
,C,1,17,21
,P,8,44,2

Round 1039
,G,1,0,11
,C,6,13,15
,P,23,27,4

Round 1040
,G,1,1,10
,C,9,14,12
,P,20,27,6

Round 1041
,G,1,1,13
,C,9,7,13
,P,26,27,3

Round 1042
,G,1,4,14
,C,2,8,18
,P,28,25,0

Round 1043
,G,2,1,13
,C,7,1,23
,P,30,21,2

Round 1044
,G,0,0,18
,C,2,3,4
,P,35,34,4

Round 1045
,G,0,2,17
,C,3,4,10
,P,33,27,4

Round 1046
,G,0,5,22
,C,1,2,6
,P,32,31,1

Round 1047
,G,3,5,16
,C,2,5,11
,P,34,21,3

Round 1048
,G,1,5,26
,C,3,3,7
,P,39,13,3

Round 1049
,G,4,4,12
,C,1,7,19
,P,35,12,6

Round 1050
,G,2,2,12
,C,4,4,19
,P,35,16,6

Round 1051
,G,3,1,21
,C,2,3,8
,P,33,23,6

Round 1052
,G,3,1,18
,C,0,4,5
,P,25,34,10

Round 1053
,G,2,3,24
,C,2,4,7
,P,24,30,4

Round 1054
,G,0,3,15
,C,4,1,23
,P,35,14,5

Round 1055
,G,1,3,14
,C,4,1,25
,P,34,12,6

Round 1056
,G,1,3,16
,C,5,3,20
,P,31,15,6

Round 1057
,G,0,5,19
,C,6,1,15
,P,30,20,4

Round 1058
,G,4,4,20
,C,4,5,9
,P,26,28,0

Round 1059
,G,1,4,14
,C,5,2,18
,P,30,18,8

Round 1060
,G,3,4,15
,C,2,2,20
,P,33,15,6

Round 1061
,G,1,6,7
,C,1,3,21
,P,34,22,5

Round 1062
,G,1,5,12
,C,2,1,10
,P,39,15,15

Round 1063
,G,4,4,14
,C,0,3,12
,P,35,17,11

Round 1064
,G,5,3,12
,C,0,6,17
,P,38,10,9

Round 1065
,G,1,4,12
,C,0,4,13
,P,38,16,12

Round 1066
,G,2,3,13
,C,0,5,13
,P,34,19,11

Round 1067
,G,2,1,15
,C,8,4,16
,P,36,10,8

Round 1068
,G,2,0,15
,C,3,5,13
,P,33,19,10

Round 1069
,G,2,6,13
,C,2,3,14
,P,34,16,10

Round 1070
,G,0,3,16
,C,4,1,16
,P,40,12,8

Round 1071
,G,0,1,16
,C,7,2,15
,P,40,10,9

Round 1072
,G,0,2,15
,C,3,5,16
,P,35,16,8

Round 1073
,G,6,0,12
,C,1,7,22
,P,35,6,11

Round 1074
,G,2,0,17
,C,8,1,13
,P,38,12,9

Round 1075
,G,0,2,15
,C,8,1,17
,P,39,7,11

Round 1076
,G,0,1,14
,C,6,2,18
,P,38,12,9

Round 1077
,G,0,0,16
,C,9,1,17
,P,41,8,8

Round 1078
,G,1,1,15
,C,6,5,12
,P,30,16,14

Round 1079
,G,5,1,14
,C,1,3,21
,P,36,9,10

Round 1080
,G,1,6,17
,C,13,3,8
,P,34,12,6

Round 1081
,G,2,1,35
,C,5,4,4
,P,44,2,3

Round 1082
,G,3,1,23
,C,1,3,0
,P,42,25,2

Round 1083
,G,2,3,23
,C,0,0,1
,P,45,25,1

Round 1084
,G,0,1,31
,C,2,1,3
,P,47,14,1

Round 1085
,G,6,1,15
,C,7,9,9
,P,43,6,4

Round 1086
,G,2,4,12
,C,5,7,12
,P,40,11,7

Round 1087
,G,2,1,31
,C,5,6,4
,P,41,6,4

Round 1088
,G,4,4,18
,C,8,13,5
,P,36,7,5

Round 1089
,G,2,5,16
,C,4,9,7
,P,38,10,9

Round 1090
,G,2,2,20
,C,1,5,3
,P,44,21,2

Round 1091
,G,7,2,21
,C,3,5,5
,P,42,13,2

Round 1092
,G,1,3,26
,C,5,6,5
,P,40,7,7

Round 1093
,G,0,6,16
,C,5,8,12
,P,38,7,8

Round 1094
,G,3,0,19
,C,18,20,1
,P,38,1,0

Round 1095
,G,4,2,39
,C,2,3,2
,P,42,6,0

Round 1096
,G,2,3,20
,C,2,5,4
,P,40,21,3

Round 1097
,G,2,2,22
,C,1,2,1
,P,46,21,3

Round 1098
,G,2,1,21
,C,2,4,1
,P,46,21,2

Round 1099
,G,1,1,19
,C,7,5,5
,P,43,18,1

Round 1100
,G,1,4,17
,C,10,5,9
,P,36,13,5

Round 1101
,G,6,2,14
,C,8,10,7
,P,40,7,6

Round 1102
,G,1,2,40
,C,1,0,5
,P,44,6,1

Round 1103
,G,0,4,37
,C,2,1,6
,P,42,7,1

Round 1104
,G,0,1,34
,C,1,2,3
,P,36,19,4

Round 1105
,G,2,3,32
,C,4,0,2
,P,39,15,3

Round 1106
,G,0,4,16
,C,8,3,4
,P,21,33,11

Round 1107
,G,3,4,24
,C,5,2,2
,P,27,25,8

Round 1108
,G,0,2,40
,C,2,0,4
,P,43,8,1

Round 1109
,G,0,3,39
,C,2,0,3
,P,45,6,2

Round 1110
,G,0,5,23
,C,4,0,6
,P,33,21,8

Round 1111
,G,2,5,37
,C,4,1,2
,P,39,7,3

Round 1112
,G,0,2,41
,C,4,1,1
,P,44,5,2

Round 1113
,G,1,6,27
,C,5,3,5
,P,33,18,2

Round 1114
,G,1,4,37
,C,2,0,5
,P,42,8,1

Round 1115
,G,1,4,32
,C,3,4,7
,P,36,13,0

Round 1116
,G,0,3,38
,C,1,1,6
,P,42,8,1

Round 1117
,G,0,1,45
,C,1,0,3
,P,48,2,0

Round 1118
,G,2,4,32
,C,4,2,5
,P,39,10,2

Round 1119
,G,2,3,40
,C,2,1,2
,P,42,6,2

Round 1120
,G,1,2,36
,C,3,1,5
,P,39,12,1

Round 1121
,G,0,5,13
,C,1,7,21
,P,28,25,0

Round 1122
,G,1,3,17
,C,5,7,11
,P,26,28,2

Round 1123
,G,0,10,11
,C,3,10,21
,P,33,11,1

Round 1124
,G,0,9,13
,C,2,12,17
,P,32,15,0

Round 1125
,G,0,11,10
,C,1,10,22
,P,33,12,1

Round 1126
,G,0,6,12
,C,4,11,18
,P,27,21,1

Round 1127
,G,5,5,12
,C,5,9,16
,P,31,16,1

Round 1128
,G,0,5,17
,C,6,10,11
,P,29,22,0

Round 1129
,G,0,3,14
,C,10,8,12
,P,30,21,2

Round 1130
,G,1,6,15
,C,2,5,18
,P,29,24,0

Round 1131
,G,1,10,11
,C,2,10,20
,P,34,11,1

Round 1132
,G,1,9,9
,C,7,2,25
,P,28,17,2

Round 1133
,G,1,8,12
,C,9,1,22
,P,30,15,2

Round 1134
,G,0,2,14
,C,25,2,12
,P,29,14,2

Round 1135
,G,3,1,12
,C,22,0,15
,P,31,16,0

Round 1136
,G,1,10,12
,C,4,7,18
,P,30,17,1

Round 1137
,G,1,6,18
,C,5,5,17
,P,25,23,0

Round 1138
,G,3,5,14
,C,3,6,16
,P,28,22,3

Round 1139
,G,2,8,15
,C,3,7,18
,P,29,18,0

Round 1140
,G,0,6,16
,C,4,9,15
,P,30,19,1

Round 1141
,G,0,8,13
,C,4,9,17
,P,30,19,0

Round 1142
,G,2,4,13
,C,16,2,16
,P,33,14,0

Round 1143
,G,4,2,12
,C,16,4,10
,P,32,15,5

Round 1144
,G,1,3,11
,C,12,7,15
,P,33,16,2

Round 1145
,G,3,6,7
,C,9,3,16
,P,33,14,9

Round 1146
,G,1,7,8
,C,9,4,19
,P,32,14,6

Round 1147
,G,2,6,13
,C,10,5,15
,P,34,11,4

Round 1148
,G,1,7,10
,C,12,1,25
,P,30,12,2

Round 1149
,G,1,6,13
,C,11,5,15
,P,30,15,4

Round 1150
,G,2,5,8
,C,10,1,17
,P,35,15,7

Round 1151
,G,2,2,15
,C,12,1,11
,P,34,18,5

Round 1152
,G,0,5,11
,C,12,1,16
,P,28,22,5

Round 1153
,G,2,7,11
,C,9,1,17
,P,30,20,3

Round 1154
,G,2,2,15
,C,12,5,6
,P,29,21,8

Round 1155
,G,3,4,15
,C,7,1,9
,P,30,25,6

Round 1156
,G,3,3,12
,C,10,3,9
,P,34,17,9

Round 1157
,G,2,2,10
,C,15,6,16
,P,33,14,2

Round 1158
,G,1,0,6
,C,26,4,24
,P,31,8,0

Round 1159
,G,6,3,9
,C,16,3,17
,P,37,5,4

Round 1160
,G,0,8,12
,C,4,9,16
,P,28,19,4

Round 1161
,G,2,4,24
,C,4,1,7
,P,37,17,4

Round 1162
,G,3,6,13
,C,7,9,13
,P,29,18,2

Round 1163
,G,5,8,16
,C,6,7,12
,P,31,14,1

Round 1164
,G,3,3,24
,C,3,10,6
,P,16,32,3

Round 1165
,G,0,4,26
,C,4,9,8
,P,14,34,1

Round 1166
,G,0,4,10
,C,11,5,17
,P,27,19,7

Round 1167
,G,1,5,11
,C,9,4,17
,P,28,19,6

Round 1168
,G,1,1,14
,C,13,6,14
,P,20,29,2

Round 1169
,G,1,3,13
,C,9,6,17
,P,28,21,2

Round 1170
,G,1,5,21
,C,4,4,12
,P,20,31,2

Round 1171
,G,0,0,11
,C,11,15,16
,P,18,28,1

Round 1172
,G,1,3,11
,C,7,11,13
,P,26,24,4

Round 1173
,G,0,1,12
,C,16,7,14
,P,25,24,1

Round 1174
,G,0,1,36
,C,3,2,6
,P,10,40,2

Round 1175
,G,1,0,11
,C,8,6,20
,P,25,26,3

Round 1176
,G,1,2,13
,C,19,2,15
,P,27,20,1

Round 1177
,G,1,3,12
,C,13,4,14
,P,30,19,4

Round 1178
,G,1,1,13
,C,25,0,15
,P,30,14,1

Round 1179
,G,1,0,17
,C,8,16,10
,P,20,27,1

Round 1180
,G,0,1,12
,C,15,6,10
,P,27,26,3

Round 1181
,G,1,1,47
,C,3,0,1
,P,46,1,0

Round 1182
,G,1,1,17
,C,3,1,14
,P,32,29,2

Round 1183
,G,1,1,28
,C,3,0,8
,P,38,19,2

Round 1184
,G,1,3,29
,C,5,3,4
,P,38,12,5

Round 1185
,G,3,2,18
,C,5,0,13
,P,32,25,2

Round 1186
,G,0,2,16
,C,2,0,16
,P,32,32,0

Round 1187
,G,1,3,15
,C,2,0,15
,P,33,29,2

Round 1188
,G,0,1,16
,C,2,2,15
,P,33,31,0

Round 1189
,G,0,1,17
,C,2,1,15
,P,33,31,0

Round 1190
,G,1,0,34
,C,2,3,3
,P,43,11,3

Round 1191
,G,2,0,17
,C,2,2,14
,P,32,30,1

Round 1192
,G,0,2,26
,C,5,0,6
,P,39,18,4

Round 1193
,G,1,3,22
,C,3,0,11
,P,35,23,2

Round 1194
,G,2,3,22
,C,3,0,9
,P,36,20,5

Round 1195
,G,3,1,17
,C,4,1,10
,P,28,31,5

Round 1196
,G,0,2,15
,C,1,2,15
,P,33,29,3

Round 1197
,G,2,2,43
,C,5,0,0
,P,47,0,1

Round 1198
,G,0,2,20
,C,4,2,11
,P,34,22,5

Round 1199
,G,2,1,35
,C,6,1,6
,P,43,5,1

Round 1200
,G,1,0,29
,C,1,1,11
,P,39,18,0

Round 1201
,G,0,3,14
,C,1,1,17
,P,33,30,1

Round 1202
,G,0,2,15
,C,1,1,15
,P,34,31,1

Round 1203
,G,0,4,31
,C,4,1,5
,P,42,10,3

Round 1204
,G,1,2,20
,C,3,1,12
,P,33,27,1

Round 1205
,G,1,1,16
,C,1,2,16
,P,32,31,0

Round 1206
,G,0,3,41
,C,5,1,1
,P,46,2,1

Round 1207
,G,6,5,27
,C,6,3,3
,P,37,9,4

Round 1208
,G,0,3,41
,C,5,1,1
,P,45,4,0

Round 1209
,G,0,1,44
,C,3,1,1
,P,46,4,0

Round 1210
,G,0,4,35
,C,5,2,4
,P,42,6,2

Round 1211
,G,1,4,35
,C,4,1,5
,P,42,8,0

Round 1212
,G,1,3,35
,C,6,3,3
,P,43,4,2

Round 1213
,G,0,3,16
,C,1,0,12
,P,36,29,3

Round 1214
,G,1,2,31
,C,4,3,4
,P,40,11,4

Round 1215
,G,2,4,25
,C,6,2,7
,P,39,12,3

Round 1216
,G,2,3,32
,C,6,4,3
,P,38,9,3

Round 1217
,G,4,5,27
,C,8,1,4
,P,40,7,4

Round 1218
,G,2,3,27
,C,5,4,6
,P,37,13,3

Round 1219
,G,1,1,14
,C,5,1,13
,P,33,29,3

Round 1220
,G,2,3,33
,C,6,3,3
,P,42,6,2

Round 1221
,G,2,2,32
,C,3,0,4
,P,39,16,2

Round 1222
,G,0,1,41
,C,2,0,2
,P,46,7,1

Round 1223
,G,0,1,16
,C,3,0,11
,P,29,39,1

Round 1224
,G,0,1,13
,C,6,0,9
,P,31,37,3

Round 1225
,G,2,1,15
,C,5,0,12
,P,26,39,0

Round 1226
,G,3,4,17
,C,4,1,11
,P,36,21,3

Round 1227
,G,2,1,13
,C,3,0,13
,P,30,36,2

Round 1228
,G,1,2,11
,C,2,2,12
,P,29,36,5

Round 1229
,G,0,3,12
,C,5,3,11
,P,31,32,3

Round 1230
,G,0,1,15
,C,4,1,11
,P,27,38,3

Round 1231
,G,1,2,4
,C,6,0,11
,P,38,25,13

Round 1232
,G,0,0,1
,C,2,0,13
,P,41,30,13

Round 1233
,G,2,3,12
,C,6,1,9
,P,31,29,7

Round 1234
,G,1,1,13
,C,4,0,13
,P,30,36,2

Round 1235
,G,2,2,10
,C,4,1,10
,P,37,25,9

Round 1236
,G,0,1,3
,C,2,0,12
,P,40,30,12

Round 1237
,G,2,5,7
,C,5,0,8
,P,40,21,12

Round 1238
,G,1,2,5
,C,5,1,9
,P,39,25,13

Round 1239
,G,3,4,20
,C,5,3,6
,P,39,15,5

Round 1240
,G,0,7,13
,C,6,0,6
,P,39,22,7

Round 1241
,G,5,6,11
,C,4,0,11
,P,40,17,6

Round 1242
,G,1,1,9
,C,3,1,10
,P,33,29,13

Round 1243
,G,0,3,15
,C,5,0,6
,P,29,32,10

Round 1244
,G,1,6,8
,C,4,2,9
,P,35,26,9

Round 1245
,G,1,2,10
,C,7,1,10
,P,28,30,11

Round 1246
,G,0,0,8
,C,4,0,7
,P,34,29,18

Round 1247
,G,1,0,10
,C,12,0,13
,P,16,35,13

Round 1248
,G,0,3,10
,C,4,0,7
,P,36,23,17

Round 1249
,G,0,2,11
,C,5,0,10
,P,31,31,10

Round 1250
,G,4,3,10
,C,4,1,10
,P,28,26,14

Round 1251
,G,1,2,9
,C,4,2,11
,P,32,29,10

Round 1252
,G,3,3,7
,C,3,1,11
,P,36,22,14

Round 1253
,G,3,1,7
,C,5,4,10
,P,35,20,15

Round 1254
,G,0,1,6
,C,3,1,9
,P,34,27,19

Round 1255
,G,0,1,9
,C,4,1,11
,P,32,30,12

Round 1256
,G,1,2,9
,C,2,0,12
,P,33,29,12

Round 1257
,G,1,2,17
,C,4,2,8
,P,36,19,11

Round 1258
,G,1,1,10
,C,2,0,11
,P,35,30,10

Round 1259
,G,0,1,11
,C,2,2,10
,P,33,31,10

Round 1260
,G,8,9,1
,C,2,0,18
,P,39,13,10

Round 1261
,G,1,0,43
,C,2,0,2
,P,46,5,1

Round 1262
,G,3,0,13
,C,2,3,4
,P,37,26,12

Round 1263
,G,3,3,14
,C,1,2,4
,P,40,21,12

Round 1264
,G,2,2,15
,C,2,3,3
,P,42,17,14

Round 1265
,G,1,0,16
,C,3,1,6
,P,42,17,14

Round 1266
,G,1,0,13
,C,0,3,4
,P,40,27,12

Round 1267
,G,5,2,11
,C,2,3,9
,P,35,21,12

Round 1268
,G,3,0,14
,C,0,1,2
,P,41,26,13

Round 1269
,G,6,1,12
,C,0,1,6
,P,38,23,13

Round 1270
,G,2,0,12
,C,0,1,3
,P,41,26,15

Round 1271
,G,7,6,17
,C,6,2,7
,P,37,11,7

Round 1272
,G,6,6,17
,C,6,1,7
,P,35,15,7

Round 1273
,G,0,0,13
,C,0,2,3
,P,41,28,13

Round 1274
,G,1,2,12
,C,1,1,3
,P,40,26,14

Round 1275
,G,6,6,10
,C,8,3,8
,P,32,18,9

Round 1276
,G,7,8,8
,C,8,1,9
,P,32,18,9

Round 1277
,G,2,1,13
,C,0,1,3
,P,41,25,14

Round 1278
,G,2,1,12
,C,1,1,4
,P,41,25,13

Round 1279
,G,2,2,10
,C,2,4,8
,P,37,25,10

Round 1280
,G,3,1,11
,C,1,3,5
,P,36,25,15

Round 1281
,G,8,1,9
,C,1,1,11
,P,39,20,10

Round 1282
,G,0,0,8
,C,2,1,2
,P,33,37,17

Round 1283
,G,3,1,6
,C,3,1,8
,P,28,33,17

Round 1284
,G,4,0,3
,C,3,6,8
,P,34,20,22

Round 1285
,G,2,2,13
,C,1,2,1
,P,40,24,15

Round 1286
,G,6,0,6
,C,7,1,1
,P,30,31,18

Round 1287
,G,1,0,6
,C,3,1,6
,P,39,23,21

Round 1288
,G,6,1,4
,C,5,8,1
,P,29,28,18

Round 1289
,G,1,1,12
,C,3,2,3
,P,39,25,14

Round 1290
,G,0,0,14
,C,0,1,2
,P,43,27,13

Round 1291
,G,0,2,13
,C,0,3,4
,P,41,25,12

Round 1292
,G,11,6,3
,C,1,6,2
,P,39,18,14

Round 1293
,G,5,4,11
,C,10,5,7
,P,35,14,9

Round 1294
,G,5,4,9
,C,10,6,8
,P,37,12,9

Round 1295
,G,0,3,11
,C,10,8,6
,P,29,23,10

Round 1296
,G,1,4,8
,C,8,7,11
,P,29,21,11

Round 1297
,G,0,0,12
,C,0,4,3
,P,44,23,14

Round 1298
,G,0,2,13
,C,2,1,1
,P,44,22,15

Round 1299
,G,0,6,5
,C,4,1,2
,P,29,30,23

Round 1300
,G,0,4,6
,C,5,1,2
,P,29,32,21

Round 1301
,G,0,1,13
,C,1,3,1
,P,43,25,13

Round 1302
,G,0,0,15
,C,3,0,1
,P,46,19,16

Round 1303
,G,1,2,16
,C,2,0,1
,P,47,16,15

Round 1304
,G,0,2,13
,C,3,1,4
,P,41,20,16

Round 1305
,G,2,1,15
,C,1,1,4
,P,47,15,14

Round 1306
,G,1,2,13
,C,1,0,8
,P,43,20,12

Round 1307
,G,3,2,15
,C,4,0,2
,P,45,16,13

Round 1308
,G,0,0,14
,C,2,0,2
,P,45,20,17

Round 1309
,G,1,1,13
,C,4,2,3
,P,45,16,15

Round 1310
,G,2,1,14
,C,4,0,1
,P,48,14,16

Round 1311
,G,5,4,13
,C,3,2,1
,P,45,13,14

Round 1312
,G,0,0,15
,C,2,0,0
,P,47,18,18

Round 1313
,G,1,0,16
,C,2,0,0
,P,48,17,16

Round 1314
,G,1,0,15
,C,2,0,2
,P,45,19,16

Round 1315
,G,1,3,15
,C,6,0,2
,P,45,13,15

Round 1316
,G,0,1,14
,C,2,0,4
,P,43,19,17

Round 1317
,G,2,4,14
,C,4,1,3
,P,44,15,13

Round 1318
,G,1,2,13
,C,2,0,4
,P,43,20,15

Round 1319
,G,3,3,12
,C,6,1,2
,P,46,13,14

Round 1320
,G,2,2,14
,C,2,0,1
,P,47,17,15

Round 1321
,G,1,1,16
,C,1,1,0
,P,48,16,16

Round 1322
,G,1,3,10
,C,5,1,7
,P,42,21,10

Round 1323
,G,1,1,12
,C,3,1,3
,P,44,22,13

Round 1324
,G,0,0,12
,C,2,0,2
,P,46,26,12

Round 1325
,G,0,0,11
,C,4,0,2
,P,45,25,13

Round 1326
,G,1,2,10
,C,5,0,5
,P,43,24,10

Round 1327
,G,0,0,24
,C,4,1,1
,P,47,16,7

Round 1328
,G,0,2,9
,C,2,0,8
,P,40,25,14

Round 1329
,G,0,1,8
,C,3,0,7
,P,41,24,16

Round 1330
,G,0,0,9
,C,2,0,8
,P,41,25,15

Round 1331
,G,0,1,9
,C,4,0,8
,P,39,24,15

Round 1332
,G,0,1,11
,C,3,1,3
,P,46,23,12

Round 1333
,G,23,0,5
,C,3,1,24
,P,36,6,2

Round 1334
,G,0,0,8
,C,2,1,8
,P,40,26,15

Round 1335
,G,1,2,9
,C,2,0,9
,P,40,23,14

Round 1336
,G,1,3,11
,C,1,0,2
,P,46,22,14

Round 1337
,G,1,1,12
,C,2,1,1
,P,48,22,12

Round 1338
,G,0,3,7
,C,2,0,9
,P,40,24,15

Round 1339
,G,0,0,9
,C,2,0,7
,P,42,25,15

Round 1340
,G,1,1,15
,C,3,0,2
,P,45,18,15

Round 1341
,G,0,0,9
,C,2,1,3
,P,46,20,19

Round 1342
,G,2,0,12
,C,7,16,9
,P,28,26,0

Round 1343
,G,2,2,1
,C,2,8,15
,P,32,23,15

Round 1344
,G,1,3,6
,C,6,3,12
,P,32,29,8

Round 1345
,G,11,1,12
,C,6,20,7
,P,33,10,0

Round 1346
,G,4,1,7
,C,2,8,15
,P,33,24,6

Round 1347
,G,1,1,4
,C,6,5,13
,P,35,20,15

Round 1348
,G,0,5,5
,C,7,8,11
,P,26,28,10

Round 1349
,G,1,4,6
,C,8,9,8
,P,27,28,9

Round 1350
,G,0,1,3
,C,8,12,17
,P,25,29,5

Round 1351
,G,0,1,0
,C,11,10,18
,P,28,26,6

Round 1352
,G,0,1,6
,C,4,9,13
,P,31,28,8

Round 1353
,G,1,1,12
,C,3,1,5
,P,28,34,15

Round 1354
,G,0,0,7
,C,4,2,9
,P,26,33,19

Round 1355
,G,3,0,14
,C,3,1,7
,P,14,39,19

Round 1356
,G,0,0,0
,C,15,2,17
,P,31,33,2

Round 1357
,G,0,7,3
,C,10,12,13
,P,27,24,4

Round 1358
,G,1,4,1
,C,5,18,21
,P,27,23,0

Round 1359
,G,2,3,7
,C,6,6,18
,P,29,26,3

Round 1360
,G,0,3,4
,C,10,3,8
,P,32,29,11

Round 1361
,G,1,3,24
,C,8,3,6
,P,37,17,1

Round 1362
,G,2,3,35
,C,4,0,0
,P,47,4,5

Round 1363
,G,3,1,45
,C,4,0,0
,P,46,1,0

Round 1364
,G,3,6,22
,C,6,0,3
,P,45,7,8

Round 1365
,G,2,6,16
,C,13,1,7
,P,42,8,5

Round 1366
,G,4,6,16
,C,10,1,8
,P,41,7,7

Round 1367
,G,2,4,32
,C,7,0,5
,P,45,4,1

Round 1368
,G,9,6,21
,C,4,0,8
,P,40,8,4

Round 1369
,G,5,2,32
,C,6,1,6
,P,44,4,0

Round 1370
,G,5,7,7
,C,6,0,10
,P,44,12,9

Round 1371
,G,4,2,36
,C,5,2,2
,P,44,1,4

Round 1372
,G,4,6,33
,C,2,0,2
,P,46,1,6

Round 1373
,G,2,7,12
,C,8,2,8
,P,44,9,8

Round 1374
,G,0,4,11
,C,10,4,4
,P,42,11,14

Round 1375
,G,4,4,27
,C,6,0,5
,P,43,7,4

Round 1376
,G,4,6,18
,C,10,1,2
,P,38,13,8

Round 1377
,G,13,10,15
,C,3,1,11
,P,42,1,4

Round 1378
,G,9,11,15
,C,4,1,8
,P,43,2,7

Round 1379
,G,2,2,26
,C,6,0,8
,P,42,9,5

Round 1380
,G,0,5,27
,C,3,2,2
,P,47,5,9

Round 1381
,G,5,4,31
,C,8,1,2
,P,43,2,4

Round 1382
,G,2,10,15
,C,3,4,0
,P,14,40,12

Round 1383
,G,6,8,13
,C,3,2,5
,P,18,35,10

Round 1384
,G,0,11,15
,C,4,3,1
,P,18,38,10

Round 1385
,G,1,10,19
,C,10,8,1
,P,15,32,4

Round 1386
,G,15,4,13
,C,8,0,0
,P,18,32,10

Round 1387
,G,16,5,11
,C,7,0,0
,P,17,34,10

Round 1388
,G,16,6,10
,C,7,0,0
,P,17,33,11

Round 1389
,G,5,2,36
,C,4,1,0
,P,38,11,3

Round 1390
,G,1,8,17
,C,9,10,4
,P,23,27,1

Round 1391
,G,1,8,20
,C,8,10,2
,P,23,26,2

Round 1392
,G,12,5,11
,C,6,3,3
,P,19,33,8

Round 1393
,G,17,0,11
,C,10,2,0
,P,21,30,9

Round 1394
,G,9,1,13
,C,11,1,6
,P,26,26,7

Round 1395
,G,8,12,17
,C,6,2,0
,P,30,19,6

Round 1396
,G,15,5,12
,C,7,0,0
,P,17,33,11

Round 1397
,G,6,5,5
,C,11,2,13
,P,25,30,3

Round 1398
,G,4,10,14
,C,14,1,7
,P,23,23,4

Round 1399
,G,5,16,16
,C,5,2,3
,P,35,14,4

Round 1400
,G,22,2,7
,C,5,0,17
,P,28,14,5

